app_id,itad_game_id,run_id,source_timestamp,event_at_utc,shop_id,shop_name,country,price_status,price_amount_source,regular_amount_source,price_minor,regular_minor,currency,cut_percent_source,discount_depth_percent,retrieved_at_utc,raw_response_sha256,product_basis
244210,018d937f-0192-714b-abce-17e006566a8d,itad-history-20261007T001043928750Z-9875a16e,2026-09-24T19:21:01+02:00,2026-09-24T17:21:01.000000+00:00,61,Steam,GB,available,15.49,15.49,1549,1549,GBP,0,0.0,2026-10-07T00:10:47.170172+00:00,d95c8c3c3b1f57ec64a3cbc33f9f3891bde00734750ae10d9a7cb75e860bc979,current_ITAD_game_container_Steam_shop_history_historical_app_association_unverified
244210,018d937f-0192-714b-abce-17e006566a8d,itad-history-20261007T001043928750Z-9875a16e,2026-10-01T22:11:01+02:00,2026-10-01T20:11:01.000000+00:00,61,Steam,GB,available,3.87,15.49,387,1549,GBP,75,75.0161,2026-10-07T00:10:47.170172+00:00,d95c8c3c3b1f57ec64a3cbc33f9f3891bde00734750ae10d9a7cb75e860bc979,current_ITAD_game_container_Steam_shop_history_historical_app_association_unverified
365960,018d937f-0c9a-73cc-8594-0121e990f137,itad-history-20261007T001043928750Z-9875a16e,2026-10-01T19:25:01+02:00,2026-10-01T17:25:01.000000+00:00,61,Steam,GB,available,3.74,24.99,374,2499,GBP,85,85.034,2026-10-07T00:10:48.745244+00:00,5d0f4c94051aafa3bcbc4272836cb182aa4d02ee87644b7aebf4e6fafdfad8eb,current_ITAD_game_container_Steam_shop_history_historical_app_association_unverified
460950,018d937f-138d-724f-82bb-f180b2ea819a,itad-history-20261007T001043928750Z-9875a16e,2026-10-01T20:23:41+02:00,2026-10-01T18:23:41.000000+00:00,61,Steam,GB,available,7.67,12.79,767,1279,GBP,40,40.0313,2026-10-07T00:10:50.272521+00:00,be8ec38b3bd6a451fccd7e0d63822be5b383ad2b072641fdeded388888e41f6c,current_ITAD_game_container_Steam_shop_history_historical_app_association_unverified
493520,018d937f-35f0-737f-b2ce-be4dedf644e4,itad-history-20261007T001043928750Z-9875a16e,2026-09-15T19:16:31+02:00,2026-09-15T17:16:31.000000+00:00,61,Steam,GB,available,34.99,34.99,3499,3499,GBP,0,0.0,2026-10-07T00:10:51.803330+00:00,2f4e5023ffd019b4d03dc060aacff981ee8bcbca8e6abec086be10598fc1c54d,current_ITAD_game_container_Steam_shop_history_historical_app_association_unverified
493520,018d937f-35f0-737f-b2ce-be4dedf644e4,itad-history-20261007T001043928750Z-9875a16e,2026-10-01T21:42:48+02:00,2026-10-01T19:42:48.000000+00:00,61,Steam,GB,available,9.44,34.99,944,3499,GBP,73,73.0209,2026-10-07T00:10:51.803330+00:00,2f4e5023ffd019b4d03dc060aacff981ee8bcbca8e6abec086be10598fc1c54d,current_ITAD_game_container_Steam_shop_history_historical_app_association_unverified
805550,018d937f-3592-70a1-8934-a495c90387a4,itad-history-20261007T001043928750Z-9875a16e,2026-09-24T19:21:13+02:00,2026-09-24T17:21:13.000000+00:00,61,Steam,GB,available,34.99,34.99,3499,3499,GBP,0,0.0,2026-10-07T00:10:53.347815+00:00,5a7cf34c599121629e0a79dd7c8c980b225cf6bb5ccebfc490bf03a7cda3132f,current_ITAD_game_container_Steam_shop_history_historical_app_association_unverified
805550,018d937f-3592-70a1-8934-a495c90387a4,itad-history-20261007T001043928750Z-9875a16e,2026-10-01T22:11:22+02:00,2026-10-01T20:11:22.000000+00:00,61,Steam,GB,available,8.74,34.99,874,3499,GBP,75,75.0214,2026-10-07T00:10:53.347815+00:00,5a7cf34c599121629e0a79dd7c8c980b225cf6bb5ccebfc490bf03a7cda3132f,current_ITAD_game_container_Steam_shop_history_historical_app_association_unverified
1066890,018d937f-2042-702b-9b2e-0aa16eedc055,itad-history-20261007T001043928750Z-9875a16e,2026-10-01T20:14:35+02:00,2026-10-01T18:14:35.000000+00:00,61,Steam,GB,available,17.49,34.99,1749,3499,GBP,50,50.0143,2026-10-07T00:10:54.973641+00:00,a6660240cd03a22dd3bf206d1f12014a5189a09535129ade66c6c07dbb5f0c42,current_ITAD_game_container_Steam_shop_history_historical_app_association_unverified
1084160,018d937f-66b1-7299-876a-0a45a35d7b8a,itad-history-20261007T001043928750Z-9875a16e,2026-09-24T19:20:51+02:00,2026-09-24T17:20:51.000000+00:00,61,Steam,GB,available,3.99,39.99,399,3999,GBP,90,90.0225,2026-10-07T00:10:56.518347+00:00,5145cbb579849b52df29d501180cc01d104048f30fdd59fead34b8bd03a7207d,current_ITAD_game_container_Steam_shop_history_historical_app_association_unverified
1139900,018d937f-09d2-716c-8840-0fb4fde1cfaf,itad-history-20261007T001043928750Z-9875a16e,2026-09-24T19:21:13+02:00,2026-09-24T17:21:13.000000+00:00,61,Steam,GB,available,24.99,24.99,2499,2499,GBP,0,0.0,2026-10-07T00:10:58.018352+00:00,55e286ca89f77af34e7a7b18c284917b41cd9a900438bb3f31704896c19db8c6,current_ITAD_game_container_Steam_shop_history_historical_app_association_unverified
1139900,018d937f-09d2-716c-8840-0fb4fde1cfaf,itad-history-20261007T001043928750Z-9875a16e,2026-10-01T22:11:30+02:00,2026-10-01T20:11:30.000000+00:00,61,Steam,GB,available,6.24,24.99,624,2499,GBP,75,75.03,2026-10-07T00:10:58.018352+00:00,55e286ca89f77af34e7a7b18c284917b41cd9a900438bb3f31704896c19db8c6,current_ITAD_game_container_Steam_shop_history_historical_app_association_unverified
1164940,018d937f-39a4-73cf-aae1-5556a2854277,itad-history-20261007T001043928750Z-9875a16e,2026-10-01T22:11:30+02:00,2026-10-01T20:11:30.000000+00:00,61,Steam,GB,available,6.24,24.99,624,2499,GBP,75,75.03,2026-10-07T00:10:59.555031+00:00,6c73cb3a0d783d7dc254bee1644aa32b2021dd051537cf90a1e76203b289385e,current_ITAD_game_container_Steam_shop_history_historical_app_association_unverified
1182900,018d937f-51d0-71f8-bae2-7721981a7eb0,itad-history-20261007T001043928750Z-9875a16e,2026-10-01T21:35:35+02:00,2026-10-01T19:35:35.000000+00:00,61,Steam,GB,available,13.49,44.99,1349,4499,GBP,70,70.0156,2026-10-07T00:11:01.049540+00:00,698fc7040b44dc9ccd8dd0771e19614ef029539621c1c574c14d0f4b38f9e2f6,current_ITAD_game_container_Steam_shop_history_historical_app_association_unverified
1229240,018d937f-3e00-70a8-8b99-a6e8bc510601,itad-history-20261007T001043928750Z-9875a16e,2026-09-21T19:22:28+02:00,2026-09-21T17:22:28.000000+00:00,61,Steam,GB,available,24.99,24.99,2499,2499,GBP,0,0.0,2026-10-07T00:11:02.573618+00:00,1b1f485323f3e1fc7126aeaaa9f7415791cc5208b23ff4c2f6251747a4be8a50,current_ITAD_game_container_Steam_shop_history_historical_app_association_unverified
1229240,018d937f-3e00-70a8-8b99-a6e8bc510601,itad-history-20261007T001043928750Z-9875a16e,2026-10-01T21:55:10+02:00,2026-10-01T19:55:10.000000+00:00,61,Steam,GB,available,8.74,24.99,874,2499,GBP,65,65.026,2026-10-07T00:11:02.573618+00:00,1b1f485323f3e1fc7126aeaaa9f7415791cc5208b23ff4c2f6251747a4be8a50,current_ITAD_game_container_Steam_shop_history_historical_app_association_unverified
1244090,018d937f-3fe7-7289-9ef9-8e54432b8fab,itad-history-20261007T001043928750Z-9875a16e,2026-09-21T19:22:33+02:00,2026-09-21T17:22:33.000000+00:00,61,Steam,GB,available,29.5,29.5,2950,2950,GBP,0,0.0,2026-10-07T00:11:04.054358+00:00,b356e814a18b6a285a63adc26ab097ad6390dddbcc56ad22ea1b03068bc362f6,current_ITAD_game_container_Steam_shop_history_historical_app_association_unverified
1244090,018d937f-3fe7-7289-9ef9-8e54432b8fab,itad-history-20261007T001043928750Z-9875a16e,2026-10-01T21:54:27+02:00,2026-10-01T19:54:27.000000+00:00,61,Steam,GB,available,14.75,29.5,1475,2950,GBP,50,50.0,2026-10-07T00:11:04.054358+00:00,b356e814a18b6a285a63adc26ab097ad6390dddbcc56ad22ea1b03068bc362f6,current_ITAD_game_container_Steam_shop_history_historical_app_association_unverified
1259420,018d937f-4ca6-7067-aee5-c1ed89a268f4,itad-history-20261007T001043928750Z-9875a16e,2026-10-01T19:35:03+02:00,2026-10-01T17:35:03.000000+00:00,61,Steam,GB,available,13.99,34.99,1399,3499,GBP,60,60.0171,2026-10-07T00:11:07.102962+00:00,5274bb59d294831955448c23080d554070113efd2ae9cebe87bf74316d224aad,current_ITAD_game_container_Steam_shop_history_historical_app_association_unverified
1501750,018d937f-18f6-727f-b84d-7870e7ccc341,itad-history-20261007T001043928750Z-9875a16e,2026-09-24T19:20:58+02:00,2026-09-24T17:20:58.000000+00:00,61,Steam,GB,available,8.24,24.99,824,2499,GBP,67,67.0268,2026-10-07T00:11:10.170142+00:00,28052885946c60c4b23eaa550df7636a044f8666e27ebb6f3f187dfe90c9dd55,current_ITAD_game_container_Steam_shop_history_historical_app_association_unverified
1533420,018d937f-4c8c-713d-9e81-deafc79cc4ac,itad-history-20261007T001043928750Z-9875a16e,2026-10-01T21:04:39+02:00,2026-10-01T19:04:39.000000+00:00,61,Steam,GB,available,7.99,19.99,799,1999,GBP,60,60.03,2026-10-07T00:11:11.703048+00:00,230b0d91ff05ffb0a587abae2aeccd14355e48727580fc1665bc3abbe9881782,current_ITAD_game_container_Steam_shop_history_historical_app_association_unverified
1627720,018d937f-506e-72eb-975a-1a5175b622de,itad-history-20261007T001043928750Z-9875a16e,2026-09-21T19:30:30+02:00,2026-09-21T17:30:30.000000+00:00,61,Steam,GB,available,49.99,49.99,4999,4999,GBP,0,0.0,2026-10-07T00:11:13.276465+00:00,1766bea8aee4ef6f0cf010c087fa66b3d279785875929815e475b3fd573dd09e,current_ITAD_game_container_Steam_shop_history_historical_app_association_unverified
1627720,018d937f-506e-72eb-975a-1a5175b622de,itad-history-20261007T001043928750Z-9875a16e,2026-10-01T21:54:30+02:00,2026-10-01T19:54:30.000000+00:00,61,Steam,GB,available,24.99,49.99,2499,4999,GBP,50,50.01,2026-10-07T00:11:13.276465+00:00,1766bea8aee4ef6f0cf010c087fa66b3d279785875929815e475b3fd573dd09e,current_ITAD_game_container_Steam_shop_history_historical_app_association_unverified
1649010,018d937f-64cb-70c0-af59-7ab80e93fede,itad-history-20261007T001043928750Z-9875a16e,2026-09-24T19:21:03+02:00,2026-09-24T17:21:03.000000+00:00,61,Steam,GB,available,29.99,29.99,2999,2999,GBP,0,0.0,2026-10-07T00:11:14.764791+00:00,2e70e074657bfde704c9d1187631f3dc529631265509519765fd3631f9199f95,current_ITAD_game_container_Steam_shop_history_historical_app_association_unverified
1649010,018d937f-64cb-70c0-af59-7ab80e93fede,itad-history-20261007T001043928750Z-9875a16e,2026-10-01T22:11:40+02:00,2026-10-01T20:11:40.000000+00:00,61,Steam,GB,available,8.99,29.99,899,2999,GBP,70,70.0233,2026-10-07T00:11:14.764791+00:00,2e70e074657bfde704c9d1187631f3dc529631265509519765fd3631f9199f95,current_ITAD_game_container_Steam_shop_history_historical_app_association_unverified
1658280,018d937f-51cf-71a2-8359-bde441247ae1,itad-history-20261007T001043928750Z-9875a16e,2026-09-24T19:21:03+02:00,2026-09-24T17:21:03.000000+00:00,61,Steam,GB,available,44.99,44.99,4499,4499,GBP,0,0.0,2026-10-07T00:11:16.294069+00:00,b7afe49123e75d2c970efa1f0bb74572e9fcbe1845303b6d1afc476eb682c5ea,current_ITAD_game_container_Steam_shop_history_historical_app_association_unverified
1658280,018d937f-51cf-71a2-8359-bde441247ae1,itad-history-20261007T001043928750Z-9875a16e,2026-10-01T22:11:39+02:00,2026-10-01T20:11:39.000000+00:00,61,Steam,GB,available,13.49,44.99,1349,4499,GBP,70,70.0156,2026-10-07T00:11:16.294069+00:00,b7afe49123e75d2c970efa1f0bb74572e9fcbe1845303b6d1afc476eb682c5ea,current_ITAD_game_container_Steam_shop_history_historical_app_association_unverified
1849250,018d937f-74da-72f8-9c25-bfe912203123,itad-history-20261007T001043928750Z-9875a16e,2026-09-28T19:20:19+02:00,2026-09-28T17:20:19.000000+00:00,61,Steam,GB,available,0,0,0,0,GBP,0,,2026-10-07T00:11:17.865309+00:00,6b2af81897298d03a33b94c1f10e82ff58680c90ab9b2309f42e93949fb944cd,current_ITAD_game_container_Steam_shop_history_historical_app_association_unverified
1850570,018d937f-5c96-7241-a70f-e8de1c1e0609,itad-history-20261007T001043928750Z-9875a16e,2026-09-24T19:21:04+02:00,2026-09-24T17:21:04.000000+00:00,61,Steam,GB,available,34.99,34.99,3499,3499,GBP,0,0.0,2026-10-07T00:11:19.356975+00:00,2471bc8960beefd79b4561009756037857bb38132bd9c66c7d81ef8b4839ddec,current_ITAD_game_container_Steam_shop_history_historical_app_association_unverified
1850570,018d937f-5c96-7241-a70f-e8de1c1e0609,itad-history-20261007T001043928750Z-9875a16e,2026-10-01T22:11:26+02:00,2026-10-01T20:11:26.000000+00:00,61,Steam,GB,available,8.74,34.99,874,3499,GBP,75,75.0214,2026-10-07T00:11:19.356975+00:00,2471bc8960beefd79b4561009756037857bb38132bd9c66c7d81ef8b4839ddec,current_ITAD_game_container_Steam_shop_history_historical_app_association_unverified
1971650,018d937f-64ac-7047-aed9-f1a7e64996d5,itad-history-20261007T001043928750Z-9875a16e,2026-09-18T19:21:51+02:00,2026-09-18T17:21:51.000000+00:00,61,Steam,GB,available,19.99,49.99,1999,4999,GBP,60,60.012,2026-10-07T00:11:20.883902+00:00,918afc9c90920d88916d0cfe204799457a357c8fe40afffdc0f7215c04d470a7,current_ITAD_game_container_Steam_shop_history_historical_app_association_unverified
2091020,019548b0-f863-724b-b2d6-74d503b7c57c,itad-history-20261007T001043928750Z-9875a16e,2026-09-24T19:21:08+02:00,2026-09-24T17:21:08.000000+00:00,61,Steam,GB,available,34.99,34.99,3499,3499,GBP,0,0.0,2026-10-07T00:11:22.444880+00:00,31eaf0d703239dd071126a82881ccb5de9294e55a4cfcf7f51af21cfa1c767bc,current_ITAD_game_container_Steam_shop_history_historical_app_association_unverified
2091020,019548b0-f863-724b-b2d6-74d503b7c57c,itad-history-20261007T001043928750Z-9875a16e,2026-10-01T22:11:36+02:00,2026-10-01T20:11:36.000000+00:00,61,Steam,GB,available,17.49,34.99,1749,3499,GBP,50,50.0143,2026-10-07T00:11:22.444880+00:00,31eaf0d703239dd071126a82881ccb5de9294e55a4cfcf7f51af21cfa1c767bc,current_ITAD_game_container_Steam_shop_history_historical_app_association_unverified
2144740,018d937f-6ee2-70f6-940c-6212ad72feed,itad-history-20261007T001043928750Z-9875a16e,2026-09-24T19:21:08+02:00,2026-09-24T17:21:08.000000+00:00,61,Steam,GB,available,34.99,34.99,3499,3499,GBP,0,0.0,2026-10-07T00:11:23.991961+00:00,4091a305949025df46b1df5cd732d3461f9e8b245647c6d9ee54791ecdd9e04a,current_ITAD_game_container_Steam_shop_history_historical_app_association_unverified
2144740,018d937f-6ee2-70f6-940c-6212ad72feed,itad-history-20261007T001043928750Z-9875a16e,2026-10-01T22:11:26+02:00,2026-10-01T20:11:26.000000+00:00,61,Steam,GB,available,6.99,34.99,699,3499,GBP,80,80.0229,2026-10-07T00:11:23.991961+00:00,4091a305949025df46b1df5cd732d3461f9e8b245647c6d9ee54791ecdd9e04a,current_ITAD_game_container_Steam_shop_history_historical_app_association_unverified
2277560,018ffe84-b793-726b-b5ec-89bae1b0a5a5,itad-history-20261007T001043928750Z-9875a16e,2026-09-24T19:21:08+02:00,2026-09-24T17:21:08.000000+00:00,61,Steam,GB,available,44.99,44.99,4499,4499,GBP,0,0.0,2026-10-07T00:11:25.535797+00:00,9c6d5bbc1654acbf0e2c51f86e43b8e4946998d2ab71ece73987261f90bbd988,current_ITAD_game_container_Steam_shop_history_historical_app_association_unverified
2277560,018ffe84-b793-726b-b5ec-89bae1b0a5a5,itad-history-20261007T001043928750Z-9875a16e,2026-10-01T22:11:40+02:00,2026-10-01T20:11:40.000000+00:00,61,Steam,GB,available,31.49,44.99,3149,4499,GBP,30,30.0067,2026-10-07T00:11:25.535797+00:00,9c6d5bbc1654acbf0e2c51f86e43b8e4946998d2ab71ece73987261f90bbd988,current_ITAD_game_container_Steam_shop_history_historical_app_association_unverified
2399420,018d937f-6fcf-72c1-9e8c-98fe1d413248,itad-history-20261007T001043928750Z-9875a16e,2026-09-28T19:20:21+02:00,2026-09-28T17:20:21.000000+00:00,61,Steam,GB,available,32.99,32.99,3299,3299,GBP,0,0.0,2026-10-07T00:11:28.567068+00:00,9d6f57b8d06f98d4d02773e91b1a3beff5d4b4cfbda46d372f70df5ecc25a208,current_ITAD_game_container_Steam_shop_history_historical_app_association_unverified
2399420,018d937f-6fcf-72c1-9e8c-98fe1d413248,itad-history-20261007T001043928750Z-9875a16e,2026-10-01T22:21:15+02:00,2026-10-01T20:21:15.000000+00:00,61,Steam,GB,available,18.14,32.99,1814,3299,GBP,45,45.0136,2026-10-07T00:11:28.567068+00:00,9d6f57b8d06f98d4d02773e91b1a3beff5d4b4cfbda46d372f70df5ecc25a208,current_ITAD_game_container_Steam_shop_history_historical_app_association_unverified
2933080,018d937f-6b77-722b-8602-205dfaea0551,itad-history-20261007T001043928750Z-9875a16e,2026-09-24T19:21:24+02:00,2026-09-24T17:21:24.000000+00:00,61,Steam,GB,available,15.99,15.99,1599,1599,GBP,0,0.0,2026-10-07T00:11:30.114474+00:00,587abfb46331c1b1598b3e5145a6dd89ecc65905f893ef1a50783cfccd5c4aad,current_ITAD_game_container_Steam_shop_history_historical_app_association_unverified
2933080,018d937f-6b77-722b-8602-205dfaea0551,itad-history-20261007T001043928750Z-9875a16e,2026-10-01T22:11:17+02:00,2026-10-01T20:11:17.000000+00:00,61,Steam,GB,available,1.59,15.99,159,1599,GBP,90,90.0563,2026-10-07T00:11:30.114474+00:00,587abfb46331c1b1598b3e5145a6dd89ecc65905f893ef1a50783cfccd5c4aad,current_ITAD_game_container_Steam_shop_history_historical_app_association_unverified
3058630,019059c8-7182-70d7-9c18-fbf918a46a72,itad-history-20261007T001043928750Z-9875a16e,2026-09-24T19:21:24+02:00,2026-09-24T17:21:24.000000+00:00,61,Steam,GB,available,32.99,32.99,3299,3299,GBP,0,0.0,2026-10-07T00:11:31.632731+00:00,b690ad48e5b74a12072175c3234817482da4685b6bf0a93f66ae9bed9f89453f,current_ITAD_game_container_Steam_shop_history_historical_app_association_unverified
3058630,019059c8-7182-70d7-9c18-fbf918a46a72,itad-history-20261007T001043928750Z-9875a16e,2026-10-01T22:11:11+02:00,2026-10-01T20:11:11.000000+00:00,61,Steam,GB,available,26.39,32.99,2639,3299,GBP,20,20.0061,2026-10-07T00:11:31.632731+00:00,b690ad48e5b74a12072175c3234817482da4685b6bf0a93f66ae9bed9f89453f,current_ITAD_game_container_Steam_shop_history_historical_app_association_unverified
3917090,0199f12f-47b6-73c2-92fc-1c6e5e7ce03b,itad-history-20261007T001043928750Z-9875a16e,2026-09-24T11:15:26+02:00,2026-09-24T09:15:26.000000+00:00,61,Steam,GB,available,24.99,24.99,2499,2499,GBP,0,0.0,2026-10-07T00:11:33.159449+00:00,1a05cddac5f82ea1a4b9c64f92c425cb42b3523cdfeb2ce1d8fd43dfac7cf88f,current_ITAD_game_container_Steam_shop_history_historical_app_association_unverified
3917090,0199f12f-47b6-73c2-92fc-1c6e5e7ce03b,itad-history-20261007T001043928750Z-9875a16e,2026-10-01T22:03:51+02:00,2026-10-01T20:03:51.000000+00:00,61,Steam,GB,available,19.99,24.99,1999,2499,GBP,20,20.008,2026-10-07T00:11:33.159449+00:00,1a05cddac5f82ea1a4b9c64f92c425cb42b3523cdfeb2ce1d8fd43dfac7cf88f,current_ITAD_game_container_Steam_shop_history_historical_app_association_unverified
