snapshot_timestamp_utc,cohort,app_id,title,peer_group,comparable_to,lifecycle_role,source_url,store_name,store_type,is_free,developer_live,publisher_live,release_date_live,coming_soon,currency,list_price_minor,final_price_minor,discount_percent,recommendation_count_store,metacritic_score,genres_live,categories_live,review_score_code,review_score_desc,total_positive_reviews,total_negative_reviews,total_reviews,review_positive_percent,current_players,current_players_result,market_benchmark_error
2026-10-06T19:04:52+00:00,competitor,2358720,Black Myth: Wukong,Action / soulslike,WUCHANG,,https://store.steampowered.com/app/2358720/,Black Myth: Wukong,game,False,Game Science,Game Science,"19 Aug, 2024",False,GBP,4999,4999,0,882303,,Action; Adventure; RPG,Single-player; Steam Achievements; Full controller support; Steam Trading Cards; Gamepad Recommended; Playable without Timed Input; DualSense Controller Support; DualSense Controller Support; Stereo Sound; Surround Sound; Steam Cloud; Family Sharing,9,Overwhelmingly Positive,1170652,42692,1213344,96.48,5301,1,"HTTPSConnectionPool(host='datasets-server.huggingface.co', port=443): Read timed out. (read timeout=15)"
2026-10-06T19:04:52+00:00,competitor,1245620,ELDEN RING,Action / soulslike,WUCHANG / Blades of Fire,,https://store.steampowered.com/app/1245620/,ELDEN RING,game,False,"FromSoftware, Inc.","FromSoftware, Inc.; Bandai Namco Entertainment","24 Feb, 2022",False,GBP,4999,4999,0,833318,94,Action; RPG,Single-player; Multi-player; PvP; Online PvP; Co-op; Online Co-op; Steam Achievements; Full controller support; Steam Trading Cards; Camera Comfort; Custom Volume Controls; Playable without Timed Input; Save Anytime; Stereo Sound; Surround Sound; Steam Cloud; Family Sharing,8,Very Positive,1077318,80520,1157838,93.05,25688,1,"HTTPSConnectionPool(host='datasets-server.huggingface.co', port=443): Read timed out. (read timeout=15)"
2026-10-06T19:04:52+00:00,competitor,1627720,Lies of P,Action / soulslike,WUCHANG / Blades of Fire,,https://store.steampowered.com/app/1627720/,Lies of P,game,False,NEOWIZ,NEOWIZ,"18 Sep, 2023",False,GBP,4999,2499,50,59036,,Action; Adventure; RPG,Single-player; Steam Achievements; Full controller support; Camera Comfort; Color Alternatives; Custom Volume Controls; Adjustable Difficulty; Gamepad Recommended; DualShock Controller Support; DualShock Controller Support; DualSense Controller Support; DualSense Controller Support; Save Anytime; Stereo Sound; Surround Sound; Steam Cloud; Family Sharing,8,Very Positive,76531,7013,83544,91.61,2042,1,"HTTPSConnectionPool(host='datasets-server.huggingface.co', port=443): Read timed out. (read timeout=15)"
2026-10-06T19:04:52+00:00,competitor,1501750,Lords of the Fallen,Action / soulslike,WUCHANG / Blades of Fire,,https://store.steampowered.com/app/1501750/,Lords of the Fallen,game,False,CI Games,CI Games,"13 Oct, 2023",False,GBP,2499,824,67,38122,75,Action; Adventure; RPG,Single-player; Multi-player; PvP; Online PvP; Co-op; Online Co-op; Cross-Platform Multiplayer; Steam Achievements; Full controller support; DualShock Controller Support; DualShock Controller Support; DualSense Controller Support; DualSense Controller Support; Steam Cloud; Family Sharing,5,Mixed,38505,18139,56644,67.98,1200,1,"HTTPSConnectionPool(host='datasets-server.huggingface.co', port=443): Read timed out. (read timeout=15)"
2026-10-06T19:04:52+00:00,competitor,460950,Katana ZERO,Cyber action,Ghostrunner franchise,,https://store.steampowered.com/app/460950/,Katana ZERO,game,False,Askiisoft,Devolver Digital,"18 Apr, 2019",False,GBP,1279,767,40,66428,83,Action; Indie,Single-player; Steam Achievements; Full controller support; Steam Trading Cards; Steam Cloud; Remote Play on Phone; Remote Play on Tablet; Remote Play on TV; Family Sharing,9,Overwhelmingly Positive,74674,1597,76271,97.91,130,1,"HTTPSConnectionPool(host='datasets-server.huggingface.co', port=443): Read timed out. (read timeout=15)"
2026-10-06T19:04:52+00:00,competitor,1533420,Neon White,Cyber action,Ghostrunner franchise,,https://store.steampowered.com/app/1533420/,Neon White,game,False,Angel Matrix,Annapurna Interactive,"16 Jun, 2022",False,GBP,1999,799,60,17329,89,Action; Adventure; Indie,Single-player; Steam Achievements; Full controller support; Steam Cloud; Steam Leaderboards; Family Sharing,9,Overwhelmingly Positive,20502,447,20949,97.87,158,1,"HTTPSConnectionPool(host='datasets-server.huggingface.co', port=443): Read timed out. (read timeout=15)"
2026-10-06T19:04:52+00:00,competitor,1164940,Trepang2,Cyber action,Ghostrunner franchise,,https://store.steampowered.com/app/1164940/,Trepang2,game,False,Trepang Studios,Team17,"21 Jun, 2023",False,GBP,2499,624,75,15968,79,Action; Indie,Single-player; Steam Achievements; Full controller support; DualShock Controller Support; DualSense Controller Support; Steam Cloud; Family Sharing,8,Very Positive,18333,1443,19776,92.7,157,1,"HTTPSConnectionPool(host='datasets-server.huggingface.co', port=443): Read timed out. (read timeout=15)"
2026-10-06T19:04:52+00:00,competitor,493520,GTFO,Heist / co-op FPS,Crime Boss: Rockay City,,https://store.steampowered.com/app/493520/,GTFO,game,False,10 Chambers,10 Chambers,"9 Dec, 2021",False,GBP,3499,944,73,46286,78,Action,Multi-player; Co-op; Online Co-op; Steam Achievements; Steam Trading Cards; Partial Controller Support; Family Sharing,8,Very Positive,56144,10809,66953,83.86,674,1,"HTTPSConnectionPool(host='datasets-server.huggingface.co', port=443): Read timed out. (read timeout=15)"
2026-10-06T19:04:52+00:00,competitor,1272080,PAYDAY 3,Heist / co-op FPS,Crime Boss: Rockay City,,https://store.steampowered.com/app/1272080/,PAYDAY 3,game,False,Starbreeze Studios,Starbreeze Entertainment,"21 Sep, 2023",False,GBP,2399,2399,0,49599,66,Action; Adventure; RPG,Single-player; Multi-player; Co-op; Online Co-op; Cross-Platform Multiplayer; Steam Achievements; Steam Trading Cards; In-App Purchases; Camera Comfort; Custom Volume Controls; Adjustable Difficulty; DualShock Controller Support; DualShock Controller Support; DualSense Controller Support; DualSense Controller Support; Stereo Sound; Subtitle Options; Surround Sound; Partial Controller Support; Steam Cloud; Family Sharing,5,Mixed,30642,35463,66105,46.35,1195,1,"HTTPSConnectionPool(host='datasets-server.huggingface.co', port=443): Read timed out. (read timeout=15)"
2026-10-06T19:04:52+00:00,competitor,1144200,Ready or Not,Heist / co-op FPS,Crime Boss: Rockay City,,https://store.steampowered.com/app/1144200/,Ready or Not,game,False,VOID Interactive,VOID Interactive,"13 Dec, 2023",False,GBP,4499,2249,50,266759,,Action; Adventure; Indie,Single-player; Multi-player; Co-op; Online Co-op; Steam Achievements; Full controller support; DualShock Controller Support; DualShock Controller Support; DualSense Controller Support; DualSense Controller Support; Steam Cloud,6,Mostly Positive,275110,73559,348669,78.9,10001,1,"HTTPSConnectionPool(host='datasets-server.huggingface.co', port=443): Read timed out. (read timeout=15)"
2026-10-06T19:04:52+00:00,competitor,1229240,Chained Echoes,JRPG,Eiyuden Chronicle,,https://store.steampowered.com/app/1229240/,Chained Echoes,game,False,Umami Tiger (Matthias Linda),Deck13; WhisperGames,"8 Dec, 2022",False,GBP,2499,874,65,7785,91,Indie; RPG,Single-player; Steam Achievements; Full controller support; Steam Trading Cards; Family Sharing,8,Very Positive,7277,938,8215,88.58,216,1,"HTTPSConnectionPool(host='datasets-server.huggingface.co', port=443): Read timed out. (read timeout=15)"
2026-10-06T19:04:52+00:00,competitor,1971650,OCTOPATH TRAVELER II,JRPG,Eiyuden Chronicle,,https://store.steampowered.com/app/1971650/,OCTOPATH TRAVELER II,game,False,Square Enix; ACQUIRE Corp.,Square Enix,"24 Feb, 2023",False,GBP,4999,1999,60,13531,,RPG,Single-player; Steam Achievements; Full controller support; Steam Trading Cards; Camera Comfort; Color Alternatives; Custom Volume Controls; Keyboard Only Option; #category_playable_at_your_own_pace; Playable without Timed Input; Stereo Sound; Steam Cloud; Family Sharing,8,Very Positive,16461,1241,17702,92.99,719,1,"HTTPSConnectionPool(host='datasets-server.huggingface.co', port=443): Read timed out. (read timeout=15)"
2026-10-06T19:04:52+00:00,competitor,1244090,Sea of Stars,JRPG,Eiyuden Chronicle,,https://store.steampowered.com/app/1244090/,Sea of Stars: Sunset Edition,game,False,Sabotage Studio,Sabotage Studio,"28 Aug, 2023",False,GBP,2950,1475,50,12179,87,Adventure; Indie; RPG,Single-player; Multi-player; Co-op; Shared/Split Screen Co-op; Shared/Split Screen; Steam Achievements; Full controller support; Gamepad Recommended; DualShock Controller Support; DualShock Controller Support; DualSense Controller Support; DualSense Controller Support; Steam Cloud; Remote Play Together; Family Sharing,8,Very Positive,13832,1814,15646,88.41,389,1,"HTTPSConnectionPool(host='datasets-server.huggingface.co', port=443): Read timed out. (read timeout=15)"
2026-10-06T19:04:52+00:00,competitor,1182900,A Plague Tale: Requiem,Premium action adventure,DEATH STRANDING DIRECTOR'S CUT,,https://store.steampowered.com/app/1182900/,A Plague Tale: Requiem,game,False,Asobo Studio,Focus Entertainment,"17 Oct, 2022",False,GBP,4499,1349,70,21189,82,Action; Adventure,Single-player; Steam Achievements; Full controller support; Steam Trading Cards; Adjustable Text Size; Camera Comfort; Custom Volume Controls; Adjustable Difficulty; Playable without Timed Input; DualShock Controller Support; Stereo Sound; Subtitle Options; Surround Sound; Steam Cloud; Family Sharing,8,Very Positive,25131,2568,27699,90.73,424,1,"HTTPSConnectionPool(host='datasets-server.huggingface.co', port=443): Read timed out. (read timeout=15)"
2026-10-06T19:04:52+00:00,competitor,1259420,Days Gone,Premium action adventure,DEATH STRANDING DIRECTOR'S CUT,,https://store.steampowered.com/app/1259420/,Days Gone,game,False,Bend Studio,PlayStation Publishing LLC,"17 May, 2021",False,GBP,3499,1399,60,82925,,Action; Adventure,Single-player; Steam Achievements; Full controller support; Adjustable Text Size; Camera Comfort; Color Alternatives; Custom Volume Controls; Adjustable Difficulty; Gamepad Recommended; Narrated Game Menus; Playable without Timed Input; DualShock Controller Support; DualSense Controller Support; Save Anytime; Steam Input API Support; Stereo Sound; Subtitle Options; Surround Sound; Steam Cloud; Family Sharing,8,Very Positive,108959,8555,117514,92.72,2617,1,"HTTPSConnectionPool(host='datasets-server.huggingface.co', port=443): Read timed out. (read timeout=15)"
2026-10-06T19:04:52+00:00,competitor,1066890,Automobilista 2,Racing simulation,Assetto Corsa portfolio,,https://store.steampowered.com/app/1066890/,Automobilista 2,game,False,Reiza Studios,Reiza Studios,"30 Jun, 2020",False,GBP,3499,1749,50,12095,,Action; Indie; Racing; Simulation; Sports,Single-player; Multi-player; PvP; Online PvP; LAN PvP; Full controller support; VR Supported; Family Sharing,8,Very Positive,14831,1336,16167,91.74,1366,1,"HTTPSConnectionPool(host='datasets-server.huggingface.co', port=443): Read timed out. (read timeout=15)"
2026-10-06T19:04:52+00:00,competitor,1849250,EA SPORTS WRC,Racing simulation,Assetto Corsa Rally,,https://store.steampowered.com/app/1849250/,EA SPORTS™ WRC,game,False,Codemasters,Electronic Arts,"2 Nov, 2023",False,GBP,3999,1999,50,10563,80,Racing; Simulation; Sports,Single-player; Multi-player; PvP; Online PvP; Cross-Platform Multiplayer; Steam Achievements; Full controller support; VR Supported; Chat Speech-to-text; Chat Text-to-speech; Color Alternatives; Adjustable Difficulty; Gamepad Recommended; Keyboard Only Option; Playable without Timed Input; DualShock Controller Support; DualShock Controller Support; DualSense Controller Support; DualSense Controller Support; Stereo Sound; Surround Sound; Steam Cloud; HDR available,5,Mixed,7025,4415,11440,61.41,356,1,"HTTPSConnectionPool(host='datasets-server.huggingface.co', port=443): Read timed out. (read timeout=15)"
2026-10-06T19:04:52+00:00,competitor,2399420,Le Mans Ultimate,Racing simulation,Assetto Corsa Rally / EVO / Competizione,,https://store.steampowered.com/app/2399420/,Le Mans Ultimate,game,False,Studio 397,Studio 397,"22 Jul, 2025",False,GBP,3299,1814,45,15432,,Racing; Simulation; Sports,Single-player; Multi-player; PvP; Online PvP; Co-op; Online Co-op; VR Supported; Partial Controller Support; Family Sharing,6,Mostly Positive,16196,4375,20571,78.73,6984,1,"HTTPSConnectionPool(host='datasets-server.huggingface.co', port=443): Read timed out. (read timeout=15)"
2026-10-06T19:04:52+00:00,competitor,365960,rFactor 2,Racing simulation,Assetto Corsa portfolio,,https://store.steampowered.com/app/365960/,rFactor 2,game,False,Studio 397,Studio 397,"12 Nov, 2015",False,GBP,2499,374,85,6854,,Racing; Simulation; Sports,Single-player; Multi-player; PvP; Online PvP; LAN PvP; Co-op; Online Co-op; LAN Co-op; Steam Achievements; VR Supported; Steam Workshop; Partial Controller Support; Steam Cloud; Stats; Includes level editor; Family Sharing,6,Mostly Positive,7264,1979,9243,78.59,397,1,"HTTPSConnectionPool(host='datasets-server.huggingface.co', port=443): Read timed out. (read timeout=15)"
2026-10-06T19:04:52+00:00,competitor,1084160,Jagged Alliance 3,Tactical RPG,Miasma Chronicles,,https://store.steampowered.com/app/1084160/,Jagged Alliance 3,game,False,Haemimont Games,THQ Nordic,"14 Jul, 2023",False,GBP,3999,399,90,11056,81,Action; Strategy,Single-player; Multi-player; Co-op; Online Co-op; Steam Achievements; Full controller support; Steam Trading Cards; DualShock Controller Support; DualShock Controller Support; DualSense Controller Support; DualSense Controller Support; Steam Cloud; Family Sharing,8,Very Positive,13375,1765,15140,88.34,2456,1,"HTTPSConnectionPool(host='datasets-server.huggingface.co', port=443): Read timed out. (read timeout=15)"
2026-10-06T19:04:52+00:00,portfolio,2091020,Blades of Fire,Action / soulslike,,New release,https://store.steampowered.com/app/2091020/,Blades of Fire,game,False,MercurySteam,505 Games,"14 May, 2026",False,GBP,3499,1749,50,544,,Action; Adventure,Single-player; Steam Achievements; Full controller support; Gamepad Recommended; Steam Cloud; Family Sharing,6,Mostly Positive,538,177,715,75.24,36,1,"HTTPSConnectionPool(host='datasets-server.huggingface.co', port=443): Read timed out. (read timeout=15)"
2026-10-06T19:04:52+00:00,portfolio,2277560,WUCHANG: Fallen Feathers,Action / soulslike,,Growth,https://store.steampowered.com/app/2277560/,WUCHANG: Fallen Feathers,game,False,Leenzee,505 Games,"23 Jul, 2025",False,GBP,4499,3149,30,45120,77,Action; Adventure; RPG,Single-player; Steam Achievements; Full controller support; In-App Purchases; Gamepad Recommended; DualSense Controller Support; DualSense Controller Support; Steam Cloud; Family Sharing,5,Mixed,61126,45491,106617,57.33,566,1,"HTTPSConnectionPool(host='datasets-server.huggingface.co', port=443): Read timed out. (read timeout=15)"
2026-10-06T19:04:52+00:00,portfolio,1139900,Ghostrunner,Cyber action,,Back catalogue,https://store.steampowered.com/app/1139900/,Ghostrunner,game,False,One More Level; 3D Realms; Slipgate Ironworks™; All in! Games,505 Games,"27 Oct, 2020",False,GBP,2499,624,75,46978,81,Action,Single-player; Steam Achievements; Steam Trading Cards; Partial Controller Support; Steam Cloud; Family Sharing,8,Very Positive,61093,5911,67004,91.18,143,1,"HTTPSConnectionPool(host='datasets-server.huggingface.co', port=443): Read timed out. (read timeout=15)"
2026-10-06T19:04:52+00:00,portfolio,2144740,Ghostrunner 2,Cyber action,,Mature,https://store.steampowered.com/app/2144740/,Ghostrunner 2,game,False,One More Level,505 Games,"26 Oct, 2023",False,GBP,3499,699,80,8076,81,Action; Adventure; Strategy,Single-player; Steam Achievements; Partial Controller Support; Steam Cloud; Steam Leaderboards; Family Sharing,6,Mostly Positive,9327,2338,11665,79.96,66,1,"HTTPSConnectionPool(host='datasets-server.huggingface.co', port=443): Read timed out. (read timeout=15)"
2026-10-06T19:04:52+00:00,portfolio,2933080,Crime Boss: Rockay City,Heist / co-op FPS,,Growth,https://store.steampowered.com/app/2933080/,Crime Boss: Rockay City,game,False,INGAME STUDIOS,505 Games,"18 Jun, 2024",False,GBP,1599,159,90,9946,,Action,Single-player; Multi-player; Co-op; Online Co-op; Steam Achievements; Steam Trading Cards; Camera Comfort; Color Alternatives; Adjustable Difficulty; DualShock Controller Support; DualShock Controller Support; DualSense Controller Support; DualSense Controller Support; Steam Input API Support; Stereo Sound; Partial Controller Support; Steam Cloud; Family Sharing,5,Mixed,7278,3375,10653,68.32,158,1,"HTTPSConnectionPool(host='datasets-server.huggingface.co', port=443): Read timed out. (read timeout=15)"
2026-10-06T19:04:52+00:00,portfolio,1658280,Eiyuden Chronicle: Hundred Heroes,JRPG,,Growth,https://store.steampowered.com/app/1658280/,Eiyuden Chronicle: Hundred Heroes,game,False,Rabbit & Bear Studios,505 Games,"23 Apr, 2024",False,GBP,4499,1349,70,3190,79,Action; Adventure; Indie; RPG; Strategy,Single-player; Steam Achievements; Custom Volume Controls; Adjustable Difficulty; Gamepad Recommended; Keyboard Only Option; Playable without Timed Input; DualShock Controller Support; DualSense Controller Support; Partial Controller Support; Family Sharing,6,Mostly Positive,3523,1153,4676,75.34,70,1,"HTTPSConnectionPool(host='datasets-server.huggingface.co', port=443): Read timed out. (read timeout=15)"
2026-10-06T19:04:52+00:00,portfolio,1850570,DEATH STRANDING DIRECTOR'S CUT,Premium action adventure,,Back catalogue,https://store.steampowered.com/app/1850570/,DEATH STRANDING DIRECTOR'S CUT,game,False,KOJIMA PRODUCTIONS, 505 Games,"30 Mar, 2022",False,GBP,3499,874,75,50799,85,Action; Adventure,Single-player; Steam Achievements; Full controller support; Steam Trading Cards; Adjustable Text Size; Camera Comfort; Custom Volume Controls; Adjustable Difficulty; Playable without Timed Input; DualSense Controller Support; DualSense Controller Support; Save Anytime; Stereo Sound; Subtitle Options; Surround Sound; Steam Cloud; HDR available; Family Sharing,8,Very Positive,63997,5435,69432,92.17,2688,1,"HTTPSConnectionPool(host='datasets-server.huggingface.co', port=443): Read timed out. (read timeout=15)"
2026-10-06T19:04:52+00:00,portfolio,244210,Assetto Corsa,Racing simulation,,Evergreen back catalogue,https://store.steampowered.com/app/244210/,Assetto Corsa,game,False,Kunos Simulazioni,505 Games,"19 Dec, 2014",False,GBP,1549,387,75,136756,85,Indie; Racing; Simulation; Sports,Single-player; Multi-player; PvP; Online PvP; Steam Achievements; VR Supported; Partial Controller Support; Steam Leaderboards; Includes level editor; Family Sharing,8,Very Positive,162396,12476,174872,92.87,13898,1,"HTTPSConnectionPool(host='datasets-server.huggingface.co', port=443): Read timed out. (read timeout=15)"
2026-10-06T19:04:52+00:00,portfolio,805550,Assetto Corsa Competizione,Racing simulation,,Back catalogue,https://store.steampowered.com/app/805550/,Assetto Corsa Competizione,game,False,Kunos Simulazioni,505 Games,"29 May, 2019",False,GBP,3499,874,75,34140,77,Racing; Simulation; Sports,Single-player; Multi-player; PvP; Online PvP; LAN PvP; VR Supported; Partial Controller Support; Family Sharing,8,Very Positive,45146,3557,48703,92.7,3257,1,"HTTPSConnectionPool(host='datasets-server.huggingface.co', port=443): Read timed out. (read timeout=15)"
2026-10-06T19:04:52+00:00,portfolio,3058630,Assetto Corsa EVO,Racing simulation,,Growth / early access,https://store.steampowered.com/app/3058630/,Assetto Corsa EVO,game,False,KUNOS Simulazioni,505 Games,"16 Jan, 2025",False,GBP,3299,2639,20,16662,,Racing; Simulation; Sports; Early Access,Single-player; VR Supported; Gamepad Recommended; DualSense Controller Support; DualSense Controller Support; Partial Controller Support; Family Sharing,5,Mixed,12685,8836,21521,58.94,1321,1,"HTTPSConnectionPool(host='datasets-server.huggingface.co', port=443): Read timed out. (read timeout=15)"
2026-10-06T19:04:52+00:00,portfolio,3917090,Assetto Corsa Rally,Racing simulation,,Growth / early access,https://store.steampowered.com/app/3917090/,Assetto Corsa Rally,game,False,Supernova Games Studios,505 Games,"13 Nov, 2025",False,GBP,2499,1999,20,8917,,Racing; Early Access,Single-player; Full controller support; Custom Volume Controls; Gamepad Recommended; Keyboard Only Option; Playable without Timed Input; Stereo Sound; Surround Sound; HDR available; Family Sharing,8,Very Positive,9565,1338,10903,87.73,1042,1,"HTTPSConnectionPool(host='datasets-server.huggingface.co', port=443): Read timed out. (read timeout=15)"
2026-10-06T19:04:52+00:00,portfolio,1649010,Miasma Chronicles,Tactical RPG,,Mature,https://store.steampowered.com/app/1649010/,Miasma Chronicles,game,False,The Bearded Ladies,505 Games Official,"23 May, 2023",False,GBP,2999,899,70,2040,69,Action; Strategy,Single-player; Steam Achievements; Full controller support; DualSense Controller Support; DualSense Controller Support; Steam Cloud; Family Sharing,6,Mostly Positive,2453,622,3075,79.77,52,1,"HTTPSConnectionPool(host='datasets-server.huggingface.co', port=443): Read timed out. (read timeout=15)"
2026-10-06T19:10:18+00:00,competitor,2358720,Black Myth: Wukong,Action / soulslike,WUCHANG,,https://store.steampowered.com/app/2358720/,Black Myth: Wukong,game,False,Game Science,Game Science,"19 Aug, 2024",False,GBP,4999,4999,0,882303,,Action; Adventure; RPG,Single-player; Steam Achievements; Full controller support; Steam Trading Cards; Gamepad Recommended; Playable without Timed Input; DualSense Controller Support; DualSense Controller Support; Stereo Sound; Surround Sound; Steam Cloud; Family Sharing,9,Overwhelmingly Positive,1170652,42692,1213344,96.48,5301,1,
2026-10-06T19:10:18+00:00,competitor,1245620,ELDEN RING,Action / soulslike,WUCHANG / Blades of Fire,,https://store.steampowered.com/app/1245620/,ELDEN RING,game,False,"FromSoftware, Inc.","FromSoftware, Inc.; Bandai Namco Entertainment","24 Feb, 2022",False,GBP,4999,4999,0,833318,94,Action; RPG,Single-player; Multi-player; PvP; Online PvP; Co-op; Online Co-op; Steam Achievements; Full controller support; Steam Trading Cards; Camera Comfort; Custom Volume Controls; Playable without Timed Input; Save Anytime; Stereo Sound; Surround Sound; Steam Cloud; Family Sharing,8,Very Positive,1077318,80520,1157838,93.05,25688,1,
2026-10-06T19:10:18+00:00,competitor,1627720,Lies of P,Action / soulslike,WUCHANG / Blades of Fire,,https://store.steampowered.com/app/1627720/,Lies of P,game,False,NEOWIZ,NEOWIZ,"18 Sep, 2023",False,GBP,4999,2499,50,59036,,Action; Adventure; RPG,Single-player; Steam Achievements; Full controller support; Camera Comfort; Color Alternatives; Custom Volume Controls; Adjustable Difficulty; Gamepad Recommended; DualShock Controller Support; DualShock Controller Support; DualSense Controller Support; DualSense Controller Support; Save Anytime; Stereo Sound; Surround Sound; Steam Cloud; Family Sharing,8,Very Positive,76531,7013,83544,91.61,2042,1,
2026-10-06T19:10:18+00:00,competitor,1501750,Lords of the Fallen,Action / soulslike,WUCHANG / Blades of Fire,,https://store.steampowered.com/app/1501750/,Lords of the Fallen,game,False,CI Games,CI Games,"13 Oct, 2023",False,GBP,2499,824,67,38122,75,Action; Adventure; RPG,Single-player; Multi-player; PvP; Online PvP; Co-op; Online Co-op; Cross-Platform Multiplayer; Steam Achievements; Full controller support; DualShock Controller Support; DualShock Controller Support; DualSense Controller Support; DualSense Controller Support; Steam Cloud; Family Sharing,5,Mixed,38505,18139,56644,67.98,1218,1,
2026-10-06T19:10:18+00:00,competitor,460950,Katana ZERO,Cyber action,Ghostrunner franchise,,https://store.steampowered.com/app/460950/,Katana ZERO,game,False,Askiisoft,Devolver Digital,"18 Apr, 2019",False,GBP,1279,767,40,66432,83,Action; Indie,Single-player; Steam Achievements; Full controller support; Steam Trading Cards; Steam Cloud; Remote Play on Phone; Remote Play on Tablet; Remote Play on TV; Family Sharing,9,Overwhelmingly Positive,74674,1597,76271,97.91,130,1,
2026-10-06T19:10:18+00:00,competitor,1533420,Neon White,Cyber action,Ghostrunner franchise,,https://store.steampowered.com/app/1533420/,Neon White,game,False,Angel Matrix,Annapurna Interactive,"16 Jun, 2022",False,GBP,1999,799,60,17329,89,Action; Adventure; Indie,Single-player; Steam Achievements; Full controller support; Steam Cloud; Steam Leaderboards; Family Sharing,9,Overwhelmingly Positive,20502,447,20949,97.87,158,1,
2026-10-06T19:10:18+00:00,competitor,1164940,Trepang2,Cyber action,Ghostrunner franchise,,https://store.steampowered.com/app/1164940/,Trepang2,game,False,Trepang Studios,Team17,"21 Jun, 2023",False,GBP,2499,624,75,15968,79,Action; Indie,Single-player; Steam Achievements; Full controller support; DualShock Controller Support; DualSense Controller Support; Steam Cloud; Family Sharing,8,Very Positive,18333,1443,19776,92.7,157,1,
2026-10-06T19:10:18+00:00,competitor,493520,GTFO,Heist / co-op FPS,Crime Boss: Rockay City,,https://store.steampowered.com/app/493520/,GTFO,game,False,10 Chambers,10 Chambers,"9 Dec, 2021",False,GBP,3499,944,73,46286,78,Action,Multi-player; Co-op; Online Co-op; Steam Achievements; Steam Trading Cards; Partial Controller Support; Family Sharing,8,Very Positive,56144,10809,66953,83.86,674,1,
2026-10-06T19:10:18+00:00,competitor,1272080,PAYDAY 3,Heist / co-op FPS,Crime Boss: Rockay City,,https://store.steampowered.com/app/1272080/,PAYDAY 3,game,False,Starbreeze Studios,Starbreeze Entertainment,"21 Sep, 2023",False,GBP,2399,2399,0,49599,66,Action; Adventure; RPG,Single-player; Multi-player; Co-op; Online Co-op; Cross-Platform Multiplayer; Steam Achievements; Steam Trading Cards; In-App Purchases; Camera Comfort; Custom Volume Controls; Adjustable Difficulty; DualShock Controller Support; DualShock Controller Support; DualSense Controller Support; DualSense Controller Support; Stereo Sound; Subtitle Options; Surround Sound; Partial Controller Support; Steam Cloud; Family Sharing,5,Mixed,30642,35463,66105,46.35,1245,1,
2026-10-06T19:10:18+00:00,competitor,1144200,Ready or Not,Heist / co-op FPS,Crime Boss: Rockay City,,https://store.steampowered.com/app/1144200/,Ready or Not,game,False,VOID Interactive,VOID Interactive,"13 Dec, 2023",False,GBP,4499,2249,50,266759,,Action; Adventure; Indie,Single-player; Multi-player; Co-op; Online Co-op; Steam Achievements; Full controller support; DualShock Controller Support; DualShock Controller Support; DualSense Controller Support; DualSense Controller Support; Steam Cloud,6,Mostly Positive,275110,73559,348669,78.9,9786,1,
2026-10-06T19:10:18+00:00,competitor,1229240,Chained Echoes,JRPG,Eiyuden Chronicle,,https://store.steampowered.com/app/1229240/,Chained Echoes,game,False,Umami Tiger (Matthias Linda),Deck13; WhisperGames,"8 Dec, 2022",False,GBP,2499,874,65,7785,91,Indie; RPG,Single-player; Steam Achievements; Full controller support; Steam Trading Cards; Family Sharing,8,Very Positive,7277,938,8215,88.58,216,1,
2026-10-06T19:10:18+00:00,competitor,1971650,OCTOPATH TRAVELER II,JRPG,Eiyuden Chronicle,,https://store.steampowered.com/app/1971650/,OCTOPATH TRAVELER II,game,False,Square Enix; ACQUIRE Corp.,Square Enix,"24 Feb, 2023",False,GBP,4999,1999,60,13531,,RPG,Single-player; Steam Achievements; Full controller support; Steam Trading Cards; Camera Comfort; Color Alternatives; Custom Volume Controls; Keyboard Only Option; #category_playable_at_your_own_pace; Playable without Timed Input; Stereo Sound; Steam Cloud; Family Sharing,8,Very Positive,16461,1241,17702,92.99,719,1,
2026-10-06T19:10:18+00:00,competitor,1244090,Sea of Stars,JRPG,Eiyuden Chronicle,,https://store.steampowered.com/app/1244090/,Sea of Stars: Sunset Edition,game,False,Sabotage Studio,Sabotage Studio,"28 Aug, 2023",False,GBP,2950,1475,50,12179,87,Adventure; Indie; RPG,Single-player; Multi-player; Co-op; Shared/Split Screen Co-op; Shared/Split Screen; Steam Achievements; Full controller support; Gamepad Recommended; DualShock Controller Support; DualShock Controller Support; DualSense Controller Support; DualSense Controller Support; Steam Cloud; Remote Play Together; Family Sharing,8,Very Positive,13832,1814,15646,88.41,389,1,
2026-10-06T19:10:18+00:00,competitor,1182900,A Plague Tale: Requiem,Premium action adventure,DEATH STRANDING DIRECTOR'S CUT,,https://store.steampowered.com/app/1182900/,A Plague Tale: Requiem,game,False,Asobo Studio,Focus Entertainment,"17 Oct, 2022",False,GBP,4499,1349,70,21189,82,Action; Adventure,Single-player; Steam Achievements; Full controller support; Steam Trading Cards; Adjustable Text Size; Camera Comfort; Custom Volume Controls; Adjustable Difficulty; Playable without Timed Input; DualShock Controller Support; Stereo Sound; Subtitle Options; Surround Sound; Steam Cloud; Family Sharing,8,Very Positive,25131,2568,27699,90.73,423,1,
2026-10-06T19:10:18+00:00,competitor,1259420,Days Gone,Premium action adventure,DEATH STRANDING DIRECTOR'S CUT,,https://store.steampowered.com/app/1259420/,Days Gone,game,False,Bend Studio,PlayStation Publishing LLC,"17 May, 2021",False,GBP,3499,1399,60,82925,,Action; Adventure,Single-player; Steam Achievements; Full controller support; Adjustable Text Size; Camera Comfort; Color Alternatives; Custom Volume Controls; Adjustable Difficulty; Gamepad Recommended; Narrated Game Menus; Playable without Timed Input; DualShock Controller Support; DualSense Controller Support; Save Anytime; Steam Input API Support; Stereo Sound; Subtitle Options; Surround Sound; Steam Cloud; Family Sharing,8,Very Positive,108959,8555,117514,92.72,2617,1,
2026-10-06T19:10:18+00:00,competitor,1066890,Automobilista 2,Racing simulation,Assetto Corsa portfolio,,https://store.steampowered.com/app/1066890/,Automobilista 2,game,False,Reiza Studios,Reiza Studios,"30 Jun, 2020",False,GBP,3499,1749,50,12095,,Action; Indie; Racing; Simulation; Sports,Single-player; Multi-player; PvP; Online PvP; LAN PvP; Full controller support; VR Supported; Family Sharing,8,Very Positive,14831,1336,16167,91.74,1366,1,
2026-10-06T19:10:18+00:00,competitor,1849250,EA SPORTS WRC,Racing simulation,Assetto Corsa Rally,,https://store.steampowered.com/app/1849250/,EA SPORTS™ WRC,game,False,Codemasters,Electronic Arts,"2 Nov, 2023",False,GBP,3999,1999,50,10563,80,Racing; Simulation; Sports,Single-player; Multi-player; PvP; Online PvP; Cross-Platform Multiplayer; Steam Achievements; Full controller support; VR Supported; Chat Speech-to-text; Chat Text-to-speech; Color Alternatives; Adjustable Difficulty; Gamepad Recommended; Keyboard Only Option; Playable without Timed Input; DualShock Controller Support; DualShock Controller Support; DualSense Controller Support; DualSense Controller Support; Stereo Sound; Surround Sound; Steam Cloud; HDR available,5,Mixed,7025,4415,11440,61.41,340,1,
2026-10-06T19:10:18+00:00,competitor,2399420,Le Mans Ultimate,Racing simulation,Assetto Corsa Rally / EVO / Competizione,,https://store.steampowered.com/app/2399420/,Le Mans Ultimate,game,False,Studio 397,Studio 397,"22 Jul, 2025",False,GBP,3299,1814,45,15432,,Racing; Simulation; Sports,Single-player; Multi-player; PvP; Online PvP; Co-op; Online Co-op; VR Supported; Partial Controller Support; Family Sharing,6,Mostly Positive,16196,4375,20571,78.73,6746,1,
2026-10-06T19:10:18+00:00,competitor,365960,rFactor 2,Racing simulation,Assetto Corsa portfolio,,https://store.steampowered.com/app/365960/,rFactor 2,game,False,Studio 397,Studio 397,"12 Nov, 2015",False,GBP,2499,374,85,6854,,Racing; Simulation; Sports,Single-player; Multi-player; PvP; Online PvP; LAN PvP; Co-op; Online Co-op; LAN Co-op; Steam Achievements; VR Supported; Steam Workshop; Partial Controller Support; Steam Cloud; Stats; Includes level editor; Family Sharing,6,Mostly Positive,7264,1979,9243,78.59,401,1,
2026-10-06T19:10:18+00:00,competitor,1084160,Jagged Alliance 3,Tactical RPG,Miasma Chronicles,,https://store.steampowered.com/app/1084160/,Jagged Alliance 3,game,False,Haemimont Games,THQ Nordic,"14 Jul, 2023",False,GBP,3999,399,90,11056,81,Action; Strategy,Single-player; Multi-player; Co-op; Online Co-op; Steam Achievements; Full controller support; Steam Trading Cards; DualShock Controller Support; DualShock Controller Support; DualSense Controller Support; DualSense Controller Support; Steam Cloud; Family Sharing,8,Very Positive,13375,1765,15140,88.34,2456,1,
2026-10-06T19:10:18+00:00,portfolio,2091020,Blades of Fire,Action / soulslike,,New release,https://store.steampowered.com/app/2091020/,Blades of Fire,game,False,MercurySteam,505 Games,"14 May, 2026",False,GBP,3499,1749,50,544,,Action; Adventure,Single-player; Steam Achievements; Full controller support; Gamepad Recommended; Steam Cloud; Family Sharing,6,Mostly Positive,538,177,715,75.24,36,1,
2026-10-06T19:10:18+00:00,portfolio,2277560,WUCHANG: Fallen Feathers,Action / soulslike,,Growth,https://store.steampowered.com/app/2277560/,WUCHANG: Fallen Feathers,game,False,Leenzee,505 Games,"23 Jul, 2025",False,GBP,4499,3149,30,45120,77,Action; Adventure; RPG,Single-player; Steam Achievements; Full controller support; In-App Purchases; Gamepad Recommended; DualSense Controller Support; DualSense Controller Support; Steam Cloud; Family Sharing,5,Mixed,61126,45491,106617,57.33,566,1,
2026-10-06T19:10:18+00:00,portfolio,1139900,Ghostrunner,Cyber action,,Back catalogue,https://store.steampowered.com/app/1139900/,Ghostrunner,game,False,One More Level; 3D Realms; Slipgate Ironworks™; All in! Games,505 Games,"27 Oct, 2020",False,GBP,2499,624,75,46978,81,Action,Single-player; Steam Achievements; Steam Trading Cards; Partial Controller Support; Steam Cloud; Family Sharing,8,Very Positive,61093,5911,67004,91.18,160,1,
2026-10-06T19:10:18+00:00,portfolio,2144740,Ghostrunner 2,Cyber action,,Mature,https://store.steampowered.com/app/2144740/,Ghostrunner 2,game,False,One More Level,505 Games,"26 Oct, 2023",False,GBP,3499,699,80,8076,81,Action; Adventure; Strategy,Single-player; Steam Achievements; Partial Controller Support; Steam Cloud; Steam Leaderboards; Family Sharing,6,Mostly Positive,9327,2338,11665,79.96,66,1,
2026-10-06T19:10:18+00:00,portfolio,2933080,Crime Boss: Rockay City,Heist / co-op FPS,,Growth,https://store.steampowered.com/app/2933080/,Crime Boss: Rockay City,game,False,INGAME STUDIOS,505 Games,"18 Jun, 2024",False,GBP,1599,159,90,9946,,Action,Single-player; Multi-player; Co-op; Online Co-op; Steam Achievements; Steam Trading Cards; Camera Comfort; Color Alternatives; Adjustable Difficulty; DualShock Controller Support; DualShock Controller Support; DualSense Controller Support; DualSense Controller Support; Steam Input API Support; Stereo Sound; Partial Controller Support; Steam Cloud; Family Sharing,5,Mixed,7278,3375,10653,68.32,158,1,
2026-10-06T19:10:18+00:00,portfolio,1658280,Eiyuden Chronicle: Hundred Heroes,JRPG,,Growth,https://store.steampowered.com/app/1658280/,Eiyuden Chronicle: Hundred Heroes,game,False,Rabbit & Bear Studios,505 Games,"23 Apr, 2024",False,GBP,4499,1349,70,3190,79,Action; Adventure; Indie; RPG; Strategy,Single-player; Steam Achievements; Custom Volume Controls; Adjustable Difficulty; Gamepad Recommended; Keyboard Only Option; Playable without Timed Input; DualShock Controller Support; DualSense Controller Support; Partial Controller Support; Family Sharing,6,Mostly Positive,3523,1153,4676,75.34,70,1,
2026-10-06T19:10:18+00:00,portfolio,1850570,DEATH STRANDING DIRECTOR'S CUT,Premium action adventure,,Back catalogue,https://store.steampowered.com/app/1850570/,DEATH STRANDING DIRECTOR'S CUT,game,False,KOJIMA PRODUCTIONS, 505 Games,"30 Mar, 2022",False,GBP,3499,874,75,50802,85,Action; Adventure,Single-player; Steam Achievements; Full controller support; Steam Trading Cards; Adjustable Text Size; Camera Comfort; Custom Volume Controls; Adjustable Difficulty; Playable without Timed Input; DualSense Controller Support; DualSense Controller Support; Save Anytime; Stereo Sound; Subtitle Options; Surround Sound; Steam Cloud; HDR available; Family Sharing,8,Very Positive,63997,5435,69432,92.17,2688,1,
2026-10-06T19:10:18+00:00,portfolio,244210,Assetto Corsa,Racing simulation,,Evergreen back catalogue,https://store.steampowered.com/app/244210/,Assetto Corsa,game,False,Kunos Simulazioni,505 Games,"19 Dec, 2014",False,GBP,1549,387,75,136756,85,Indie; Racing; Simulation; Sports,Single-player; Multi-player; PvP; Online PvP; Steam Achievements; VR Supported; Partial Controller Support; Steam Leaderboards; Includes level editor; Family Sharing,8,Very Positive,162396,12476,174872,92.87,13578,1,
2026-10-06T19:10:18+00:00,portfolio,805550,Assetto Corsa Competizione,Racing simulation,,Back catalogue,https://store.steampowered.com/app/805550/,Assetto Corsa Competizione,game,False,Kunos Simulazioni,505 Games,"29 May, 2019",False,GBP,3499,874,75,34140,77,Racing; Simulation; Sports,Single-player; Multi-player; PvP; Online PvP; LAN PvP; VR Supported; Partial Controller Support; Family Sharing,8,Very Positive,45146,3557,48703,92.7,3257,1,
2026-10-06T19:10:18+00:00,portfolio,3058630,Assetto Corsa EVO,Racing simulation,,Growth / early access,https://store.steampowered.com/app/3058630/,Assetto Corsa EVO,game,False,KUNOS Simulazioni,505 Games,"16 Jan, 2025",False,GBP,3299,2639,20,16662,,Racing; Simulation; Sports; Early Access,Single-player; VR Supported; Gamepad Recommended; DualSense Controller Support; DualSense Controller Support; Partial Controller Support; Family Sharing,5,Mixed,12685,8836,21521,58.94,1321,1,
2026-10-06T19:10:18+00:00,portfolio,3917090,Assetto Corsa Rally,Racing simulation,,Growth / early access,https://store.steampowered.com/app/3917090/,Assetto Corsa Rally,game,False,Supernova Games Studios,505 Games,"13 Nov, 2025",False,GBP,2499,1999,20,8917,,Racing; Early Access,Single-player; Full controller support; Custom Volume Controls; Gamepad Recommended; Keyboard Only Option; Playable without Timed Input; Stereo Sound; Surround Sound; HDR available; Family Sharing,8,Very Positive,9565,1338,10903,87.73,1042,1,
2026-10-06T19:10:18+00:00,portfolio,1649010,Miasma Chronicles,Tactical RPG,,Mature,https://store.steampowered.com/app/1649010/,Miasma Chronicles,game,False,The Bearded Ladies,505 Games Official,"23 May, 2023",False,GBP,2999,899,70,2040,69,Action; Strategy,Single-player; Steam Achievements; Full controller support; DualSense Controller Support; DualSense Controller Support; Steam Cloud; Family Sharing,6,Mostly Positive,2453,622,3075,79.77,52,1,
