app_id,title,peer_group,analytical_lifecycle,title_age_days,run_id,metric,target_value,target_at_utc,first_reference_at_utc,last_reference_at_utc,expected_reference_count,valid_reference_count,direct_peer_median,target_minus_median,target_to_median_ratio,ratio_status,reference_empirical_percentile,benchmark_status,lifecycle_context,same_lifecycle_reference_count,minimum_reference_age_days,maximum_reference_age_days,peer_role,comparison_basis,evidence_class
244210,Assetto Corsa,Racing simulation,back_catalogue,4309,steam-20261006T194553640385Z-e09f1dd7,current_players,13017,2026-10-06T19:46:20.463885+00:00,2026-10-06T19:46:23.755787+00:00,2026-10-06T19:46:29.384892+00:00,2,2,,,,insufficient_direct_peers,,insufficient_direct_peers,same_bucket_unadjusted,2,2289,3981,direct_peer,unadjusted_configured_direct_peers_only,derived
244210,Assetto Corsa,Racing simulation,back_catalogue,4309,steam-20261006T194553640385Z-e09f1dd7,final_price_gbp,3.87,2026-10-06T19:46:17.380254+00:00,2026-10-06T19:46:21.120850+00:00,2026-10-06T19:46:26.208945+00:00,2,2,,,,insufficient_direct_peers,,insufficient_direct_peers,same_bucket_unadjusted,2,2289,3981,direct_peer,unadjusted_configured_direct_peers_only,derived
244210,Assetto Corsa,Racing simulation,back_catalogue,4309,steam-20261006T194553640385Z-e09f1dd7,lifetime_review_count,174877,2026-10-06T19:46:18.628472+00:00,2026-10-06T19:46:21.855463+00:00,2026-10-06T19:46:27.245524+00:00,2,2,,,,insufficient_direct_peers,,insufficient_direct_peers,same_bucket_unadjusted,2,2289,3981,direct_peer,unadjusted_configured_direct_peers_only,derived
244210,Assetto Corsa,Racing simulation,back_catalogue,4309,steam-20261006T194553640385Z-e09f1dd7,lifetime_review_positive_percent,92.8658,2026-10-06T19:46:18.628472+00:00,2026-10-06T19:46:21.855463+00:00,2026-10-06T19:46:27.245524+00:00,2,2,,,,insufficient_direct_peers,,insufficient_direct_peers,same_bucket_unadjusted,2,2289,3981,direct_peer,unadjusted_configured_direct_peers_only,derived
805550,Assetto Corsa Competizione,Racing simulation,back_catalogue,2687,steam-20261006T194553640385Z-e09f1dd7,current_players,3117,2026-10-06T19:46:19.376585+00:00,2026-10-06T19:46:23.755787+00:00,2026-10-06T19:46:25.001693+00:00,2,2,,,,insufficient_direct_peers,,insufficient_direct_peers,mixed_lifecycle_unadjusted,1,441,2289,direct_peer,unadjusted_configured_direct_peers_only,derived
805550,Assetto Corsa Competizione,Racing simulation,back_catalogue,2687,steam-20261006T194553640385Z-e09f1dd7,final_price_gbp,8.74,2026-10-06T19:46:16.258275+00:00,2026-10-06T19:46:21.120850+00:00,2026-10-06T19:46:21.837174+00:00,2,2,,,,insufficient_direct_peers,,insufficient_direct_peers,mixed_lifecycle_unadjusted,1,441,2289,direct_peer,unadjusted_configured_direct_peers_only,derived
805550,Assetto Corsa Competizione,Racing simulation,back_catalogue,2687,steam-20261006T194553640385Z-e09f1dd7,lifetime_review_count,48703,2026-10-06T19:46:17.451465+00:00,2026-10-06T19:46:21.855463+00:00,2026-10-06T19:46:22.767967+00:00,2,2,,,,insufficient_direct_peers,,insufficient_direct_peers,mixed_lifecycle_unadjusted,1,441,2289,direct_peer,unadjusted_configured_direct_peers_only,derived
805550,Assetto Corsa Competizione,Racing simulation,back_catalogue,2687,steam-20261006T194553640385Z-e09f1dd7,lifetime_review_positive_percent,92.6965,2026-10-06T19:46:17.451465+00:00,2026-10-06T19:46:21.855463+00:00,2026-10-06T19:46:22.767967+00:00,2,2,,,,insufficient_direct_peers,,insufficient_direct_peers,mixed_lifecycle_unadjusted,1,441,2289,direct_peer,unadjusted_configured_direct_peers_only,derived
1139900,Ghostrunner,Cyber action,back_catalogue,2170,steam-20261006T194553640385Z-e09f1dd7,current_players,142,2026-10-06T19:46:16.062384+00:00,2026-10-06T19:46:50.169118+00:00,2026-10-06T19:46:50.169118+00:00,1,1,,,,insufficient_direct_peers,,insufficient_direct_peers,same_bucket_unadjusted,1,1573,1573,direct_peer,unadjusted_configured_direct_peers_only,derived
1139900,Ghostrunner,Cyber action,back_catalogue,2170,steam-20261006T194553640385Z-e09f1dd7,final_price_gbp,6.24,2026-10-06T19:46:12.964268+00:00,2026-10-06T19:46:47.194840+00:00,2026-10-06T19:46:47.194840+00:00,1,1,,,,insufficient_direct_peers,,insufficient_direct_peers,same_bucket_unadjusted,1,1573,1573,direct_peer,unadjusted_configured_direct_peers_only,derived
1139900,Ghostrunner,Cyber action,back_catalogue,2170,steam-20261006T194553640385Z-e09f1dd7,lifetime_review_count,67005,2026-10-06T19:46:14.088628+00:00,2026-10-06T19:46:48.253694+00:00,2026-10-06T19:46:48.253694+00:00,1,1,,,,insufficient_direct_peers,,insufficient_direct_peers,same_bucket_unadjusted,1,1573,1573,direct_peer,unadjusted_configured_direct_peers_only,derived
1139900,Ghostrunner,Cyber action,back_catalogue,2170,steam-20261006T194553640385Z-e09f1dd7,lifetime_review_positive_percent,91.1783,2026-10-06T19:46:14.088628+00:00,2026-10-06T19:46:48.253694+00:00,2026-10-06T19:46:48.253694+00:00,1,1,,,,insufficient_direct_peers,,insufficient_direct_peers,same_bucket_unadjusted,1,1573,1573,direct_peer,unadjusted_configured_direct_peers_only,derived
1649010,Miasma Chronicles,Tactical RPG,back_catalogue,1232,steam-20261006T194553640385Z-e09f1dd7,current_players,48,2026-10-06T19:46:11.749952+00:00,2026-10-06T19:47:00.112266+00:00,2026-10-06T19:47:00.112266+00:00,1,1,,,,insufficient_direct_peers,,insufficient_direct_peers,same_bucket_unadjusted,1,1180,1180,direct_peer,unadjusted_configured_direct_peers_only,derived
1649010,Miasma Chronicles,Tactical RPG,back_catalogue,1232,steam-20261006T194553640385Z-e09f1dd7,final_price_gbp,8.99,2026-10-06T19:46:08.541470+00:00,2026-10-06T19:46:57.021658+00:00,2026-10-06T19:46:57.021658+00:00,1,1,,,,insufficient_direct_peers,,insufficient_direct_peers,same_bucket_unadjusted,1,1180,1180,direct_peer,unadjusted_configured_direct_peers_only,derived
1649010,Miasma Chronicles,Tactical RPG,back_catalogue,1232,steam-20261006T194553640385Z-e09f1dd7,lifetime_review_count,3075,2026-10-06T19:46:09.563340+00:00,2026-10-06T19:46:58.002674+00:00,2026-10-06T19:46:58.002674+00:00,1,1,,,,insufficient_direct_peers,,insufficient_direct_peers,same_bucket_unadjusted,1,1180,1180,direct_peer,unadjusted_configured_direct_peers_only,derived
1649010,Miasma Chronicles,Tactical RPG,back_catalogue,1232,steam-20261006T194553640385Z-e09f1dd7,lifetime_review_positive_percent,79.7724,2026-10-06T19:46:09.563340+00:00,2026-10-06T19:46:58.002674+00:00,2026-10-06T19:46:58.002674+00:00,1,1,,,,insufficient_direct_peers,,insufficient_direct_peers,same_bucket_unadjusted,1,1180,1180,direct_peer,unadjusted_configured_direct_peers_only,derived
1658280,Eiyuden Chronicle: Hundred Heroes,JRPG,established,896,steam-20261006T194553640385Z-e09f1dd7,current_players,67,2026-10-06T19:46:07.328642+00:00,2026-10-06T19:46:54.554794+00:00,2026-10-06T19:46:59.222950+00:00,3,3,385.0,-318.0,0.174,available,0.0,available_unadjusted_snapshot,mixed_lifecycle_unadjusted,0,1135,1398,direct_peer,unadjusted_configured_direct_peers_only,derived
1658280,Eiyuden Chronicle: Hundred Heroes,JRPG,established,896,steam-20261006T194553640385Z-e09f1dd7,final_price_gbp,13.49,2026-10-06T19:46:04.258295+00:00,2026-10-06T19:46:51.561894+00:00,2026-10-06T19:46:55.926396+00:00,3,3,14.75,-1.26,0.9146,available,33.3333,available_unadjusted_snapshot,mixed_lifecycle_unadjusted,0,1135,1398,direct_peer,unadjusted_configured_direct_peers_only,derived
1658280,Eiyuden Chronicle: Hundred Heroes,JRPG,established,896,steam-20261006T194553640385Z-e09f1dd7,lifetime_review_count,4676,2026-10-06T19:46:05.238696+00:00,2026-10-06T19:46:52.689116+00:00,2026-10-06T19:46:57.054783+00:00,3,3,15646.0,-10970.0,0.2989,available,0.0,available_unadjusted_snapshot,mixed_lifecycle_unadjusted,0,1135,1398,direct_peer,unadjusted_configured_direct_peers_only,derived
1658280,Eiyuden Chronicle: Hundred Heroes,JRPG,established,896,steam-20261006T194553640385Z-e09f1dd7,lifetime_review_positive_percent,75.3422,2026-10-06T19:46:05.238696+00:00,2026-10-06T19:46:52.689116+00:00,2026-10-06T19:46:57.054783+00:00,3,3,88.5819,-13.2397,,not_applicable_use_percentage_points,0.0,available_unadjusted_snapshot,mixed_lifecycle_unadjusted,0,1135,1398,direct_peer,unadjusted_configured_direct_peers_only,derived
1850570,DEATH STRANDING DIRECTOR'S CUT,Premium action adventure,back_catalogue,1651,steam-20261006T194553640385Z-e09f1dd7,current_players,2574,2026-10-06T19:46:14.946026+00:00,,,0,0,,,,insufficient_direct_peers,,insufficient_direct_peers,mixed_lifecycle_unadjusted,0,,,direct_peer,unadjusted_configured_direct_peers_only,derived
1850570,DEATH STRANDING DIRECTOR'S CUT,Premium action adventure,back_catalogue,1651,steam-20261006T194553640385Z-e09f1dd7,final_price_gbp,8.74,2026-10-06T19:46:11.910344+00:00,,,0,0,,,,insufficient_direct_peers,,insufficient_direct_peers,mixed_lifecycle_unadjusted,0,,,direct_peer,unadjusted_configured_direct_peers_only,derived
1850570,DEATH STRANDING DIRECTOR'S CUT,Premium action adventure,back_catalogue,1651,steam-20261006T194553640385Z-e09f1dd7,lifetime_review_count,69434,2026-10-06T19:46:13.046975+00:00,,,0,0,,,,insufficient_direct_peers,,insufficient_direct_peers,mixed_lifecycle_unadjusted,0,,,direct_peer,unadjusted_configured_direct_peers_only,derived
1850570,DEATH STRANDING DIRECTOR'S CUT,Premium action adventure,back_catalogue,1651,steam-20261006T194553640385Z-e09f1dd7,lifetime_review_positive_percent,92.171,2026-10-06T19:46:13.046975+00:00,,,0,0,,,,insufficient_direct_peers,,insufficient_direct_peers,mixed_lifecycle_unadjusted,0,,,direct_peer,unadjusted_configured_direct_peers_only,derived
2091020,Blades of Fire,Action / soulslike,early_lifecycle,145,steam-20261006T194553640385Z-e09f1dd7,current_players,35,2026-10-06T19:45:57.292766+00:00,2026-10-06T19:46:33.870963+00:00,2026-10-06T19:46:36.906524+00:00,2,2,,,,insufficient_direct_peers,,insufficient_direct_peers,mixed_lifecycle_unadjusted,0,1089,1114,direct_peer,unadjusted_configured_direct_peers_only,derived
2091020,Blades of Fire,Action / soulslike,early_lifecycle,145,steam-20261006T194553640385Z-e09f1dd7,final_price_gbp,17.49,2026-10-06T19:45:54.198644+00:00,2026-10-06T19:46:30.607966+00:00,2026-10-06T19:46:33.854127+00:00,2,2,,,,insufficient_direct_peers,,insufficient_direct_peers,mixed_lifecycle_unadjusted,0,1089,1114,direct_peer,unadjusted_configured_direct_peers_only,derived
2091020,Blades of Fire,Action / soulslike,early_lifecycle,145,steam-20261006T194553640385Z-e09f1dd7,lifetime_review_count,715,2026-10-06T19:45:55.402831+00:00,2026-10-06T19:46:31.684372+00:00,2026-10-06T19:46:35.002251+00:00,2,2,,,,insufficient_direct_peers,,insufficient_direct_peers,mixed_lifecycle_unadjusted,0,1089,1114,direct_peer,unadjusted_configured_direct_peers_only,derived
2091020,Blades of Fire,Action / soulslike,early_lifecycle,145,steam-20261006T194553640385Z-e09f1dd7,lifetime_review_positive_percent,75.2448,2026-10-06T19:45:55.402831+00:00,2026-10-06T19:46:31.684372+00:00,2026-10-06T19:46:35.002251+00:00,2,2,,,,insufficient_direct_peers,,insufficient_direct_peers,mixed_lifecycle_unadjusted,0,1089,1114,direct_peer,unadjusted_configured_direct_peers_only,derived
2144740,Ghostrunner 2,Cyber action,established,1076,steam-20261006T194553640385Z-e09f1dd7,current_players,50,2026-10-06T19:46:10.520837+00:00,2026-10-06T19:46:50.169118+00:00,2026-10-06T19:46:50.169118+00:00,1,1,,,,insufficient_direct_peers,,insufficient_direct_peers,mixed_lifecycle_unadjusted,0,1573,1573,direct_peer,unadjusted_configured_direct_peers_only,derived
2144740,Ghostrunner 2,Cyber action,established,1076,steam-20261006T194553640385Z-e09f1dd7,final_price_gbp,6.99,2026-10-06T19:46:07.460533+00:00,2026-10-06T19:46:47.194840+00:00,2026-10-06T19:46:47.194840+00:00,1,1,,,,insufficient_direct_peers,,insufficient_direct_peers,mixed_lifecycle_unadjusted,0,1573,1573,direct_peer,unadjusted_configured_direct_peers_only,derived
2144740,Ghostrunner 2,Cyber action,established,1076,steam-20261006T194553640385Z-e09f1dd7,lifetime_review_count,11665,2026-10-06T19:46:08.592522+00:00,2026-10-06T19:46:48.253694+00:00,2026-10-06T19:46:48.253694+00:00,1,1,,,,insufficient_direct_peers,,insufficient_direct_peers,mixed_lifecycle_unadjusted,0,1573,1573,direct_peer,unadjusted_configured_direct_peers_only,derived
2144740,Ghostrunner 2,Cyber action,established,1076,steam-20261006T194553640385Z-e09f1dd7,lifetime_review_positive_percent,79.9571,2026-10-06T19:46:08.592522+00:00,2026-10-06T19:46:48.253694+00:00,2026-10-06T19:46:48.253694+00:00,1,1,,,,insufficient_direct_peers,,insufficient_direct_peers,mixed_lifecycle_unadjusted,0,1573,1573,direct_peer,unadjusted_configured_direct_peers_only,derived
2277560,WUCHANG: Fallen Feathers,Action / soulslike,established,440,steam-20261006T194553640385Z-e09f1dd7,current_players,448,2026-10-06T19:46:00.763748+00:00,2026-10-06T19:46:33.870963+00:00,2026-10-06T19:46:36.906524+00:00,2,2,,,,insufficient_direct_peers,,insufficient_direct_peers,mixed_lifecycle_unadjusted,1,1089,1114,direct_peer,unadjusted_configured_direct_peers_only,derived
2277560,WUCHANG: Fallen Feathers,Action / soulslike,established,440,steam-20261006T194553640385Z-e09f1dd7,final_price_gbp,31.49,2026-10-06T19:45:58.602126+00:00,2026-10-06T19:46:30.607966+00:00,2026-10-06T19:46:33.854127+00:00,2,2,,,,insufficient_direct_peers,,insufficient_direct_peers,mixed_lifecycle_unadjusted,1,1089,1114,direct_peer,unadjusted_configured_direct_peers_only,derived
2277560,WUCHANG: Fallen Feathers,Action / soulslike,established,440,steam-20261006T194553640385Z-e09f1dd7,lifetime_review_count,106618,2026-10-06T19:45:59.845049+00:00,2026-10-06T19:46:31.684372+00:00,2026-10-06T19:46:35.002251+00:00,2,2,,,,insufficient_direct_peers,,insufficient_direct_peers,mixed_lifecycle_unadjusted,1,1089,1114,direct_peer,unadjusted_configured_direct_peers_only,derived
2277560,WUCHANG: Fallen Feathers,Action / soulslike,established,440,steam-20261006T194553640385Z-e09f1dd7,lifetime_review_positive_percent,57.3327,2026-10-06T19:45:59.845049+00:00,2026-10-06T19:46:31.684372+00:00,2026-10-06T19:46:35.002251+00:00,2,2,,,,insufficient_direct_peers,,insufficient_direct_peers,mixed_lifecycle_unadjusted,1,1089,1114,direct_peer,unadjusted_configured_direct_peers_only,derived
2933080,Crime Boss: Rockay City,Heist / co-op FPS,established,840,steam-20261006T194553640385Z-e09f1dd7,current_players,169,2026-10-06T19:46:06.109698+00:00,2026-10-06T19:46:41.312943+00:00,2026-10-06T19:46:41.312943+00:00,1,1,,,,insufficient_direct_peers,,insufficient_direct_peers,mixed_lifecycle_unadjusted,0,1111,1111,direct_peer,unadjusted_configured_direct_peers_only,derived
2933080,Crime Boss: Rockay City,Heist / co-op FPS,established,840,steam-20261006T194553640385Z-e09f1dd7,final_price_gbp,1.59,2026-10-06T19:46:02.041020+00:00,2026-10-06T19:46:38.246235+00:00,2026-10-06T19:46:38.246235+00:00,1,1,,,,insufficient_direct_peers,,insufficient_direct_peers,mixed_lifecycle_unadjusted,0,1111,1111,direct_peer,unadjusted_configured_direct_peers_only,derived
2933080,Crime Boss: Rockay City,Heist / co-op FPS,established,840,steam-20261006T194553640385Z-e09f1dd7,lifetime_review_count,10653,2026-10-06T19:46:04.285762+00:00,2026-10-06T19:46:39.400168+00:00,2026-10-06T19:46:39.400168+00:00,1,1,,,,insufficient_direct_peers,,insufficient_direct_peers,mixed_lifecycle_unadjusted,0,1111,1111,direct_peer,unadjusted_configured_direct_peers_only,derived
2933080,Crime Boss: Rockay City,Heist / co-op FPS,established,840,steam-20261006T194553640385Z-e09f1dd7,lifetime_review_positive_percent,68.3188,2026-10-06T19:46:04.285762+00:00,2026-10-06T19:46:39.400168+00:00,2026-10-06T19:46:39.400168+00:00,1,1,,,,insufficient_direct_peers,,insufficient_direct_peers,mixed_lifecycle_unadjusted,0,1111,1111,direct_peer,unadjusted_configured_direct_peers_only,derived
3058630,Assetto Corsa EVO,Racing simulation,early_access,628,steam-20261006T194553640385Z-e09f1dd7,current_players,1267,2026-10-06T19:46:02.957975+00:00,2026-10-06T19:46:23.755787+00:00,2026-10-06T19:46:25.001693+00:00,2,2,,,,insufficient_direct_peers,,insufficient_direct_peers,mixed_lifecycle_unadjusted,0,441,2289,direct_peer,unadjusted_configured_direct_peers_only,derived
3058630,Assetto Corsa EVO,Racing simulation,early_access,628,steam-20261006T194553640385Z-e09f1dd7,final_price_gbp,26.39,2026-10-06T19:45:59.865690+00:00,2026-10-06T19:46:21.120850+00:00,2026-10-06T19:46:21.837174+00:00,2,2,,,,insufficient_direct_peers,,insufficient_direct_peers,mixed_lifecycle_unadjusted,0,441,2289,direct_peer,unadjusted_configured_direct_peers_only,derived
3058630,Assetto Corsa EVO,Racing simulation,early_access,628,steam-20261006T194553640385Z-e09f1dd7,lifetime_review_count,21521,2026-10-06T19:46:01.970158+00:00,2026-10-06T19:46:21.855463+00:00,2026-10-06T19:46:22.767967+00:00,2,2,,,,insufficient_direct_peers,,insufficient_direct_peers,mixed_lifecycle_unadjusted,0,441,2289,direct_peer,unadjusted_configured_direct_peers_only,derived
3058630,Assetto Corsa EVO,Racing simulation,early_access,628,steam-20261006T194553640385Z-e09f1dd7,lifetime_review_positive_percent,58.9471,2026-10-06T19:46:01.970158+00:00,2026-10-06T19:46:21.855463+00:00,2026-10-06T19:46:22.767967+00:00,2,2,,,,insufficient_direct_peers,,insufficient_direct_peers,mixed_lifecycle_unadjusted,0,441,2289,direct_peer,unadjusted_configured_direct_peers_only,derived
3917090,Assetto Corsa Rally,Racing simulation,early_access,327,steam-20261006T194553640385Z-e09f1dd7,current_players,988,2026-10-06T19:45:58.495314+00:00,2026-10-06T19:46:28.167633+00:00,2026-10-06T19:46:28.167633+00:00,1,1,,,,insufficient_direct_peers,,insufficient_direct_peers,mixed_lifecycle_unadjusted,0,1069,1069,direct_peer,unadjusted_configured_direct_peers_only,derived
3917090,Assetto Corsa Rally,Racing simulation,early_access,327,steam-20261006T194553640385Z-e09f1dd7,final_price_gbp,19.99,2026-10-06T19:45:55.353214+00:00,2026-10-06T19:46:25.206106+00:00,2026-10-06T19:46:25.206106+00:00,1,1,,,,insufficient_direct_peers,,insufficient_direct_peers,mixed_lifecycle_unadjusted,0,1069,1069,direct_peer,unadjusted_configured_direct_peers_only,derived
3917090,Assetto Corsa Rally,Racing simulation,early_access,327,steam-20261006T194553640385Z-e09f1dd7,lifetime_review_count,10903,2026-10-06T19:45:56.444379+00:00,2026-10-06T19:46:26.297342+00:00,2026-10-06T19:46:26.297342+00:00,1,1,,,,insufficient_direct_peers,,insufficient_direct_peers,mixed_lifecycle_unadjusted,0,1069,1069,direct_peer,unadjusted_configured_direct_peers_only,derived
3917090,Assetto Corsa Rally,Racing simulation,early_access,327,steam-20261006T194553640385Z-e09f1dd7,lifetime_review_positive_percent,87.7281,2026-10-06T19:45:56.444379+00:00,2026-10-06T19:46:26.297342+00:00,2026-10-06T19:46:26.297342+00:00,1,1,,,,insufficient_direct_peers,,insufficient_direct_peers,mixed_lifecycle_unadjusted,0,1069,1069,direct_peer,unadjusted_configured_direct_peers_only,derived
