app_id,title,peer_group,run_id,steam_store_retrieved_at_utc,steam_reviews_retrieved_at_utc,current_players_retrieved_at_utc,analytical_lifecycle,title_age_days,early_access_genre_flag,list_price_gbp,final_price_gbp,discount_depth_percent,total_reviews,lifetime_review_positive_percent,current_players,direct_peer_count,context_reference_count,player_change_3weeks_percent,player_momentum_status,review_velocity_per_day,review_velocity_status,engagement_depth_status,ownership_analysis_status,sustained_activity_status,overall_performance_classification,evidence_class
244210,Assetto Corsa,Racing simulation,steam-20261006T194553640385Z-e09f1dd7,2026-10-06T19:46:17.380254+00:00,2026-10-06T19:46:18.628472+00:00,2026-10-06T19:46:20.463885+00:00,back_catalogue,4309,0,15.49,3.87,75.0161,174877,92.8658,13017,2,2,,insufficient_comparable_history,,insufficient_comparable_history,unavailable_playtime,excluded_pending_suitability_review,not_established,not_assessed_snapshot_only,observed_and_derived
805550,Assetto Corsa Competizione,Racing simulation,steam-20261006T194553640385Z-e09f1dd7,2026-10-06T19:46:16.258275+00:00,2026-10-06T19:46:17.451465+00:00,2026-10-06T19:46:19.376585+00:00,back_catalogue,2687,0,34.99,8.74,75.0214,48703,92.6965,3117,2,2,,insufficient_comparable_history,,insufficient_comparable_history,unavailable_playtime,excluded_pending_suitability_review,not_established,not_assessed_snapshot_only,observed_and_derived
1139900,Ghostrunner,Cyber action,steam-20261006T194553640385Z-e09f1dd7,2026-10-06T19:46:12.964268+00:00,2026-10-06T19:46:14.088628+00:00,2026-10-06T19:46:16.062384+00:00,back_catalogue,2170,0,24.99,6.24,75.03,67005,91.1783,142,1,2,,insufficient_comparable_history,,insufficient_comparable_history,unavailable_playtime,excluded_pending_suitability_review,not_established,not_assessed_snapshot_only,observed_and_derived
1649010,Miasma Chronicles,Tactical RPG,steam-20261006T194553640385Z-e09f1dd7,2026-10-06T19:46:08.541470+00:00,2026-10-06T19:46:09.563340+00:00,2026-10-06T19:46:11.749952+00:00,back_catalogue,1232,0,29.99,8.99,70.0233,3075,79.7724,48,1,0,,insufficient_comparable_history,,insufficient_comparable_history,unavailable_playtime,excluded_pending_suitability_review,not_established,not_assessed_snapshot_only,observed_and_derived
1658280,Eiyuden Chronicle: Hundred Heroes,JRPG,steam-20261006T194553640385Z-e09f1dd7,2026-10-06T19:46:04.258295+00:00,2026-10-06T19:46:05.238696+00:00,2026-10-06T19:46:07.328642+00:00,established,896,0,44.99,13.49,70.0156,4676,75.3422,67,3,0,,insufficient_comparable_history,,insufficient_comparable_history,unavailable_playtime,excluded_pending_suitability_review,not_established,not_assessed_snapshot_only,observed_and_derived
1850570,DEATH STRANDING DIRECTOR'S CUT,Premium action adventure,steam-20261006T194553640385Z-e09f1dd7,2026-10-06T19:46:11.910344+00:00,2026-10-06T19:46:13.046975+00:00,2026-10-06T19:46:14.946026+00:00,back_catalogue,1651,0,34.99,8.74,75.0214,69434,92.171,2574,0,2,,insufficient_comparable_history,,insufficient_comparable_history,unavailable_playtime,excluded_pending_suitability_review,not_established,not_assessed_snapshot_only,observed_and_derived
2091020,Blades of Fire,Action / soulslike,steam-20261006T194553640385Z-e09f1dd7,2026-10-06T19:45:54.198644+00:00,2026-10-06T19:45:55.402831+00:00,2026-10-06T19:45:57.292766+00:00,early_lifecycle,145,0,34.99,17.49,50.0143,715,75.2448,35,2,1,,insufficient_comparable_history,,insufficient_comparable_history,unavailable_playtime,excluded_pending_suitability_review,not_established,not_assessed_snapshot_only,observed_and_derived
2144740,Ghostrunner 2,Cyber action,steam-20261006T194553640385Z-e09f1dd7,2026-10-06T19:46:07.460533+00:00,2026-10-06T19:46:08.592522+00:00,2026-10-06T19:46:10.520837+00:00,established,1076,0,34.99,6.99,80.0229,11665,79.9571,50,1,2,,insufficient_comparable_history,,insufficient_comparable_history,unavailable_playtime,excluded_pending_suitability_review,not_established,not_assessed_snapshot_only,observed_and_derived
2277560,WUCHANG: Fallen Feathers,Action / soulslike,steam-20261006T194553640385Z-e09f1dd7,2026-10-06T19:45:58.602126+00:00,2026-10-06T19:45:59.845049+00:00,2026-10-06T19:46:00.763748+00:00,established,440,0,44.99,31.49,30.0067,106618,57.3327,448,2,2,,insufficient_comparable_history,,insufficient_comparable_history,unavailable_playtime,excluded_pending_suitability_review,not_established,not_assessed_snapshot_only,observed_and_derived
2933080,Crime Boss: Rockay City,Heist / co-op FPS,steam-20261006T194553640385Z-e09f1dd7,2026-10-06T19:46:02.041020+00:00,2026-10-06T19:46:04.285762+00:00,2026-10-06T19:46:06.109698+00:00,established,840,0,15.99,1.59,90.0563,10653,68.3188,169,1,2,,insufficient_comparable_history,,insufficient_comparable_history,unavailable_playtime,excluded_pending_suitability_review,not_established,not_assessed_snapshot_only,observed_and_derived
3058630,Assetto Corsa EVO,Racing simulation,steam-20261006T194553640385Z-e09f1dd7,2026-10-06T19:45:59.865690+00:00,2026-10-06T19:46:01.970158+00:00,2026-10-06T19:46:02.957975+00:00,early_access,628,1,32.99,26.39,20.0061,21521,58.9471,1267,2,2,,insufficient_comparable_history,,insufficient_comparable_history,unavailable_playtime,excluded_pending_suitability_review,not_established,not_assessed_snapshot_only,observed_and_derived
3917090,Assetto Corsa Rally,Racing simulation,steam-20261006T194553640385Z-e09f1dd7,2026-10-06T19:45:55.353214+00:00,2026-10-06T19:45:56.444379+00:00,2026-10-06T19:45:58.495314+00:00,early_access,327,1,24.99,19.99,20.008,10903,87.7281,988,1,3,,insufficient_comparable_history,,insufficient_comparable_history,unavailable_playtime,excluded_pending_suitability_review,not_established,not_assessed_snapshot_only,observed_and_derived
