portfolio_app_id,reference_app_id,peer_role,metric,target_value,reference_value,context_status,portfolio_title,reference_title,portfolio_lifecycle,reference_lifecycle,lifecycle_context,portfolio_run_id,reference_run_id,target_at_utc,reference_at_utc,target_minus_reference,target_to_reference_ratio,ratio_status,interpretation,evidence_class
244210,365960,direct_peer,current_players,13017,376,available,Assetto Corsa,rFactor 2,back_catalogue,back_catalogue,same_bucket_unadjusted,steam-20261006T194553640385Z-e09f1dd7,steam-20261006T194553640385Z-e09f1dd7,2026-10-06T19:46:20.463885+00:00,2026-10-06T19:46:29.384892+00:00,12641.0,34.6197,available,individual_reference_context_only,derived
244210,365960,direct_peer,final_price_gbp,3.87,3.74,available,Assetto Corsa,rFactor 2,back_catalogue,back_catalogue,same_bucket_unadjusted,steam-20261006T194553640385Z-e09f1dd7,steam-20261006T194553640385Z-e09f1dd7,2026-10-06T19:46:17.380254+00:00,2026-10-06T19:46:26.208945+00:00,0.13,1.0348,available,individual_reference_context_only,derived
244210,365960,direct_peer,lifetime_review_count,174877,9243,available,Assetto Corsa,rFactor 2,back_catalogue,back_catalogue,same_bucket_unadjusted,steam-20261006T194553640385Z-e09f1dd7,steam-20261006T194553640385Z-e09f1dd7,2026-10-06T19:46:18.628472+00:00,2026-10-06T19:46:27.245524+00:00,165634.0,18.9199,available,individual_reference_context_only,derived
244210,365960,direct_peer,lifetime_review_positive_percent,92.8658,78.5892,available,Assetto Corsa,rFactor 2,back_catalogue,back_catalogue,same_bucket_unadjusted,steam-20261006T194553640385Z-e09f1dd7,steam-20261006T194553640385Z-e09f1dd7,2026-10-06T19:46:18.628472+00:00,2026-10-06T19:46:27.245524+00:00,14.2766,,not_applicable_use_percentage_points,individual_reference_context_only,derived
244210,1066890,direct_peer,current_players,13017,1349,available,Assetto Corsa,Automobilista 2,back_catalogue,back_catalogue,same_bucket_unadjusted,steam-20261006T194553640385Z-e09f1dd7,steam-20261006T194553640385Z-e09f1dd7,2026-10-06T19:46:20.463885+00:00,2026-10-06T19:46:23.755787+00:00,11668.0,9.6494,available,individual_reference_context_only,derived
244210,1066890,direct_peer,final_price_gbp,3.87,17.49,available,Assetto Corsa,Automobilista 2,back_catalogue,back_catalogue,same_bucket_unadjusted,steam-20261006T194553640385Z-e09f1dd7,steam-20261006T194553640385Z-e09f1dd7,2026-10-06T19:46:17.380254+00:00,2026-10-06T19:46:21.120850+00:00,-13.62,0.2213,available,individual_reference_context_only,derived
244210,1066890,direct_peer,lifetime_review_count,174877,16168,available,Assetto Corsa,Automobilista 2,back_catalogue,back_catalogue,same_bucket_unadjusted,steam-20261006T194553640385Z-e09f1dd7,steam-20261006T194553640385Z-e09f1dd7,2026-10-06T19:46:18.628472+00:00,2026-10-06T19:46:21.855463+00:00,158709.0,10.8162,available,individual_reference_context_only,derived
244210,1066890,direct_peer,lifetime_review_positive_percent,92.8658,91.7368,available,Assetto Corsa,Automobilista 2,back_catalogue,back_catalogue,same_bucket_unadjusted,steam-20261006T194553640385Z-e09f1dd7,steam-20261006T194553640385Z-e09f1dd7,2026-10-06T19:46:18.628472+00:00,2026-10-06T19:46:21.855463+00:00,1.129,,not_applicable_use_percentage_points,individual_reference_context_only,derived
244210,1849250,adjacent_reference,current_players,13017,291,available,Assetto Corsa,EA SPORTS WRC,back_catalogue,established,different_lifecycle_unadjusted,steam-20261006T194553640385Z-e09f1dd7,steam-20261006T194553640385Z-e09f1dd7,2026-10-06T19:46:20.463885+00:00,2026-10-06T19:46:28.167633+00:00,12726.0,44.732,available,individual_reference_context_only,derived
244210,1849250,adjacent_reference,final_price_gbp,3.87,19.99,available,Assetto Corsa,EA SPORTS WRC,back_catalogue,established,different_lifecycle_unadjusted,steam-20261006T194553640385Z-e09f1dd7,steam-20261006T194553640385Z-e09f1dd7,2026-10-06T19:46:17.380254+00:00,2026-10-06T19:46:25.206106+00:00,-16.12,0.1936,available,individual_reference_context_only,derived
244210,1849250,adjacent_reference,lifetime_review_count,174877,11440,available,Assetto Corsa,EA SPORTS WRC,back_catalogue,established,different_lifecycle_unadjusted,steam-20261006T194553640385Z-e09f1dd7,steam-20261006T194553640385Z-e09f1dd7,2026-10-06T19:46:18.628472+00:00,2026-10-06T19:46:26.297342+00:00,163437.0,15.2865,available,individual_reference_context_only,derived
244210,1849250,adjacent_reference,lifetime_review_positive_percent,92.8658,61.4073,available,Assetto Corsa,EA SPORTS WRC,back_catalogue,established,different_lifecycle_unadjusted,steam-20261006T194553640385Z-e09f1dd7,steam-20261006T194553640385Z-e09f1dd7,2026-10-06T19:46:18.628472+00:00,2026-10-06T19:46:26.297342+00:00,31.4585,,not_applicable_use_percentage_points,individual_reference_context_only,derived
244210,2399420,adjacent_reference,current_players,13017,6764,available,Assetto Corsa,Le Mans Ultimate,back_catalogue,established,different_lifecycle_unadjusted,steam-20261006T194553640385Z-e09f1dd7,steam-20261006T194553640385Z-e09f1dd7,2026-10-06T19:46:20.463885+00:00,2026-10-06T19:46:25.001693+00:00,6253.0,1.9245,available,individual_reference_context_only,derived
244210,2399420,adjacent_reference,final_price_gbp,3.87,18.14,available,Assetto Corsa,Le Mans Ultimate,back_catalogue,established,different_lifecycle_unadjusted,steam-20261006T194553640385Z-e09f1dd7,steam-20261006T194553640385Z-e09f1dd7,2026-10-06T19:46:17.380254+00:00,2026-10-06T19:46:21.837174+00:00,-14.27,0.2133,available,individual_reference_context_only,derived
244210,2399420,adjacent_reference,lifetime_review_count,174877,20574,available,Assetto Corsa,Le Mans Ultimate,back_catalogue,established,different_lifecycle_unadjusted,steam-20261006T194553640385Z-e09f1dd7,steam-20261006T194553640385Z-e09f1dd7,2026-10-06T19:46:18.628472+00:00,2026-10-06T19:46:22.767967+00:00,154303.0,8.4999,available,individual_reference_context_only,derived
244210,2399420,adjacent_reference,lifetime_review_positive_percent,92.8658,78.7304,available,Assetto Corsa,Le Mans Ultimate,back_catalogue,established,different_lifecycle_unadjusted,steam-20261006T194553640385Z-e09f1dd7,steam-20261006T194553640385Z-e09f1dd7,2026-10-06T19:46:18.628472+00:00,2026-10-06T19:46:22.767967+00:00,14.1354,,not_applicable_use_percentage_points,individual_reference_context_only,derived
805550,365960,lifecycle_reference,current_players,3117,376,available,Assetto Corsa Competizione,rFactor 2,back_catalogue,back_catalogue,same_bucket_unadjusted,steam-20261006T194553640385Z-e09f1dd7,steam-20261006T194553640385Z-e09f1dd7,2026-10-06T19:46:19.376585+00:00,2026-10-06T19:46:29.384892+00:00,2741.0,8.2899,available,individual_reference_context_only,derived
805550,365960,lifecycle_reference,final_price_gbp,8.74,3.74,available,Assetto Corsa Competizione,rFactor 2,back_catalogue,back_catalogue,same_bucket_unadjusted,steam-20261006T194553640385Z-e09f1dd7,steam-20261006T194553640385Z-e09f1dd7,2026-10-06T19:46:16.258275+00:00,2026-10-06T19:46:26.208945+00:00,5.0,2.3369,available,individual_reference_context_only,derived
805550,365960,lifecycle_reference,lifetime_review_count,48703,9243,available,Assetto Corsa Competizione,rFactor 2,back_catalogue,back_catalogue,same_bucket_unadjusted,steam-20261006T194553640385Z-e09f1dd7,steam-20261006T194553640385Z-e09f1dd7,2026-10-06T19:46:17.451465+00:00,2026-10-06T19:46:27.245524+00:00,39460.0,5.2692,available,individual_reference_context_only,derived
805550,365960,lifecycle_reference,lifetime_review_positive_percent,92.6965,78.5892,available,Assetto Corsa Competizione,rFactor 2,back_catalogue,back_catalogue,same_bucket_unadjusted,steam-20261006T194553640385Z-e09f1dd7,steam-20261006T194553640385Z-e09f1dd7,2026-10-06T19:46:17.451465+00:00,2026-10-06T19:46:27.245524+00:00,14.1073,,not_applicable_use_percentage_points,individual_reference_context_only,derived
805550,1066890,direct_peer,current_players,3117,1349,available,Assetto Corsa Competizione,Automobilista 2,back_catalogue,back_catalogue,same_bucket_unadjusted,steam-20261006T194553640385Z-e09f1dd7,steam-20261006T194553640385Z-e09f1dd7,2026-10-06T19:46:19.376585+00:00,2026-10-06T19:46:23.755787+00:00,1768.0,2.3106,available,individual_reference_context_only,derived
805550,1066890,direct_peer,final_price_gbp,8.74,17.49,available,Assetto Corsa Competizione,Automobilista 2,back_catalogue,back_catalogue,same_bucket_unadjusted,steam-20261006T194553640385Z-e09f1dd7,steam-20261006T194553640385Z-e09f1dd7,2026-10-06T19:46:16.258275+00:00,2026-10-06T19:46:21.120850+00:00,-8.75,0.4997,available,individual_reference_context_only,derived
805550,1066890,direct_peer,lifetime_review_count,48703,16168,available,Assetto Corsa Competizione,Automobilista 2,back_catalogue,back_catalogue,same_bucket_unadjusted,steam-20261006T194553640385Z-e09f1dd7,steam-20261006T194553640385Z-e09f1dd7,2026-10-06T19:46:17.451465+00:00,2026-10-06T19:46:21.855463+00:00,32535.0,3.0123,available,individual_reference_context_only,derived
805550,1066890,direct_peer,lifetime_review_positive_percent,92.6965,91.7368,available,Assetto Corsa Competizione,Automobilista 2,back_catalogue,back_catalogue,same_bucket_unadjusted,steam-20261006T194553640385Z-e09f1dd7,steam-20261006T194553640385Z-e09f1dd7,2026-10-06T19:46:17.451465+00:00,2026-10-06T19:46:21.855463+00:00,0.9597,,not_applicable_use_percentage_points,individual_reference_context_only,derived
805550,1849250,adjacent_reference,current_players,3117,291,available,Assetto Corsa Competizione,EA SPORTS WRC,back_catalogue,established,different_lifecycle_unadjusted,steam-20261006T194553640385Z-e09f1dd7,steam-20261006T194553640385Z-e09f1dd7,2026-10-06T19:46:19.376585+00:00,2026-10-06T19:46:28.167633+00:00,2826.0,10.7113,available,individual_reference_context_only,derived
805550,1849250,adjacent_reference,final_price_gbp,8.74,19.99,available,Assetto Corsa Competizione,EA SPORTS WRC,back_catalogue,established,different_lifecycle_unadjusted,steam-20261006T194553640385Z-e09f1dd7,steam-20261006T194553640385Z-e09f1dd7,2026-10-06T19:46:16.258275+00:00,2026-10-06T19:46:25.206106+00:00,-11.25,0.4372,available,individual_reference_context_only,derived
805550,1849250,adjacent_reference,lifetime_review_count,48703,11440,available,Assetto Corsa Competizione,EA SPORTS WRC,back_catalogue,established,different_lifecycle_unadjusted,steam-20261006T194553640385Z-e09f1dd7,steam-20261006T194553640385Z-e09f1dd7,2026-10-06T19:46:17.451465+00:00,2026-10-06T19:46:26.297342+00:00,37263.0,4.2573,available,individual_reference_context_only,derived
805550,1849250,adjacent_reference,lifetime_review_positive_percent,92.6965,61.4073,available,Assetto Corsa Competizione,EA SPORTS WRC,back_catalogue,established,different_lifecycle_unadjusted,steam-20261006T194553640385Z-e09f1dd7,steam-20261006T194553640385Z-e09f1dd7,2026-10-06T19:46:17.451465+00:00,2026-10-06T19:46:26.297342+00:00,31.2892,,not_applicable_use_percentage_points,individual_reference_context_only,derived
805550,2399420,direct_peer,current_players,3117,6764,available,Assetto Corsa Competizione,Le Mans Ultimate,back_catalogue,established,different_lifecycle_unadjusted,steam-20261006T194553640385Z-e09f1dd7,steam-20261006T194553640385Z-e09f1dd7,2026-10-06T19:46:19.376585+00:00,2026-10-06T19:46:25.001693+00:00,-3647.0,0.4608,available,individual_reference_context_only,derived
805550,2399420,direct_peer,final_price_gbp,8.74,18.14,available,Assetto Corsa Competizione,Le Mans Ultimate,back_catalogue,established,different_lifecycle_unadjusted,steam-20261006T194553640385Z-e09f1dd7,steam-20261006T194553640385Z-e09f1dd7,2026-10-06T19:46:16.258275+00:00,2026-10-06T19:46:21.837174+00:00,-9.4,0.4818,available,individual_reference_context_only,derived
805550,2399420,direct_peer,lifetime_review_count,48703,20574,available,Assetto Corsa Competizione,Le Mans Ultimate,back_catalogue,established,different_lifecycle_unadjusted,steam-20261006T194553640385Z-e09f1dd7,steam-20261006T194553640385Z-e09f1dd7,2026-10-06T19:46:17.451465+00:00,2026-10-06T19:46:22.767967+00:00,28129.0,2.3672,available,individual_reference_context_only,derived
805550,2399420,direct_peer,lifetime_review_positive_percent,92.6965,78.7304,available,Assetto Corsa Competizione,Le Mans Ultimate,back_catalogue,established,different_lifecycle_unadjusted,steam-20261006T194553640385Z-e09f1dd7,steam-20261006T194553640385Z-e09f1dd7,2026-10-06T19:46:17.451465+00:00,2026-10-06T19:46:22.767967+00:00,13.9661,,not_applicable_use_percentage_points,individual_reference_context_only,derived
1139900,460950,adjacent_reference,current_players,142,111,available,Ghostrunner,Katana ZERO,back_catalogue,back_catalogue,same_bucket_unadjusted,steam-20261006T194553640385Z-e09f1dd7,steam-20261006T194553640385Z-e09f1dd7,2026-10-06T19:46:16.062384+00:00,2026-10-06T19:46:51.314863+00:00,31.0,1.2793,available,individual_reference_context_only,derived
1139900,460950,adjacent_reference,final_price_gbp,6.24,7.67,available,Ghostrunner,Katana ZERO,back_catalogue,back_catalogue,same_bucket_unadjusted,steam-20261006T194553640385Z-e09f1dd7,steam-20261006T194553640385Z-e09f1dd7,2026-10-06T19:46:12.964268+00:00,2026-10-06T19:46:48.203973+00:00,-1.43,0.8136,available,individual_reference_context_only,derived
1139900,460950,adjacent_reference,lifetime_review_count,67005,76274,available,Ghostrunner,Katana ZERO,back_catalogue,back_catalogue,same_bucket_unadjusted,steam-20261006T194553640385Z-e09f1dd7,steam-20261006T194553640385Z-e09f1dd7,2026-10-06T19:46:14.088628+00:00,2026-10-06T19:46:49.299777+00:00,-9269.0,0.8785,available,individual_reference_context_only,derived
1139900,460950,adjacent_reference,lifetime_review_positive_percent,91.1783,97.9062,available,Ghostrunner,Katana ZERO,back_catalogue,back_catalogue,same_bucket_unadjusted,steam-20261006T194553640385Z-e09f1dd7,steam-20261006T194553640385Z-e09f1dd7,2026-10-06T19:46:14.088628+00:00,2026-10-06T19:46:49.299777+00:00,-6.7279,,not_applicable_use_percentage_points,individual_reference_context_only,derived
1139900,1164940,adjacent_reference,current_players,142,177,available,Ghostrunner,Trepang2,back_catalogue,back_catalogue,same_bucket_unadjusted,steam-20261006T194553640385Z-e09f1dd7,steam-20261006T194553640385Z-e09f1dd7,2026-10-06T19:46:16.062384+00:00,2026-10-06T19:46:47.106301+00:00,-35.0,0.8023,available,individual_reference_context_only,derived
1139900,1164940,adjacent_reference,final_price_gbp,6.24,6.24,available,Ghostrunner,Trepang2,back_catalogue,back_catalogue,same_bucket_unadjusted,steam-20261006T194553640385Z-e09f1dd7,steam-20261006T194553640385Z-e09f1dd7,2026-10-06T19:46:12.964268+00:00,2026-10-06T19:46:43.796909+00:00,0.0,1.0,available,individual_reference_context_only,derived
1139900,1164940,adjacent_reference,lifetime_review_count,67005,19777,available,Ghostrunner,Trepang2,back_catalogue,back_catalogue,same_bucket_unadjusted,steam-20261006T194553640385Z-e09f1dd7,steam-20261006T194553640385Z-e09f1dd7,2026-10-06T19:46:14.088628+00:00,2026-10-06T19:46:44.855890+00:00,47228.0,3.388,available,individual_reference_context_only,derived
1139900,1164940,adjacent_reference,lifetime_review_positive_percent,91.1783,92.7036,available,Ghostrunner,Trepang2,back_catalogue,back_catalogue,same_bucket_unadjusted,steam-20261006T194553640385Z-e09f1dd7,steam-20261006T194553640385Z-e09f1dd7,2026-10-06T19:46:14.088628+00:00,2026-10-06T19:46:44.855890+00:00,-1.5253,,not_applicable_use_percentage_points,individual_reference_context_only,derived
1139900,1533420,direct_peer,current_players,142,171,available,Ghostrunner,Neon White,back_catalogue,back_catalogue,same_bucket_unadjusted,steam-20261006T194553640385Z-e09f1dd7,steam-20261006T194553640385Z-e09f1dd7,2026-10-06T19:46:16.062384+00:00,2026-10-06T19:46:50.169118+00:00,-29.0,0.8304,available,individual_reference_context_only,derived
1139900,1533420,direct_peer,final_price_gbp,6.24,7.99,available,Ghostrunner,Neon White,back_catalogue,back_catalogue,same_bucket_unadjusted,steam-20261006T194553640385Z-e09f1dd7,steam-20261006T194553640385Z-e09f1dd7,2026-10-06T19:46:12.964268+00:00,2026-10-06T19:46:47.194840+00:00,-1.75,0.781,available,individual_reference_context_only,derived
1139900,1533420,direct_peer,lifetime_review_count,67005,20949,available,Ghostrunner,Neon White,back_catalogue,back_catalogue,same_bucket_unadjusted,steam-20261006T194553640385Z-e09f1dd7,steam-20261006T194553640385Z-e09f1dd7,2026-10-06T19:46:14.088628+00:00,2026-10-06T19:46:48.253694+00:00,46056.0,3.1985,available,individual_reference_context_only,derived
1139900,1533420,direct_peer,lifetime_review_positive_percent,91.1783,97.8662,available,Ghostrunner,Neon White,back_catalogue,back_catalogue,same_bucket_unadjusted,steam-20261006T194553640385Z-e09f1dd7,steam-20261006T194553640385Z-e09f1dd7,2026-10-06T19:46:14.088628+00:00,2026-10-06T19:46:48.253694+00:00,-6.6879,,not_applicable_use_percentage_points,individual_reference_context_only,derived
1649010,1084160,direct_peer,current_players,48,2369,available,Miasma Chronicles,Jagged Alliance 3,back_catalogue,back_catalogue,same_bucket_unadjusted,steam-20261006T194553640385Z-e09f1dd7,steam-20261006T194553640385Z-e09f1dd7,2026-10-06T19:46:11.749952+00:00,2026-10-06T19:47:00.112266+00:00,-2321.0,0.0203,available,individual_reference_context_only,derived
1649010,1084160,direct_peer,final_price_gbp,8.99,3.99,available,Miasma Chronicles,Jagged Alliance 3,back_catalogue,back_catalogue,same_bucket_unadjusted,steam-20261006T194553640385Z-e09f1dd7,steam-20261006T194553640385Z-e09f1dd7,2026-10-06T19:46:08.541470+00:00,2026-10-06T19:46:57.021658+00:00,5.0,2.2531,available,individual_reference_context_only,derived
1649010,1084160,direct_peer,lifetime_review_count,3075,15143,available,Miasma Chronicles,Jagged Alliance 3,back_catalogue,back_catalogue,same_bucket_unadjusted,steam-20261006T194553640385Z-e09f1dd7,steam-20261006T194553640385Z-e09f1dd7,2026-10-06T19:46:09.563340+00:00,2026-10-06T19:46:58.002674+00:00,-12068.0,0.2031,available,individual_reference_context_only,derived
1649010,1084160,direct_peer,lifetime_review_positive_percent,79.7724,88.3378,available,Miasma Chronicles,Jagged Alliance 3,back_catalogue,back_catalogue,same_bucket_unadjusted,steam-20261006T194553640385Z-e09f1dd7,steam-20261006T194553640385Z-e09f1dd7,2026-10-06T19:46:09.563340+00:00,2026-10-06T19:46:58.002674+00:00,-8.5654,,not_applicable_use_percentage_points,individual_reference_context_only,derived
1658280,1229240,direct_peer,current_players,67,222,available,Eiyuden Chronicle: Hundred Heroes,Chained Echoes,established,back_catalogue,different_lifecycle_unadjusted,steam-20261006T194553640385Z-e09f1dd7,steam-20261006T194553640385Z-e09f1dd7,2026-10-06T19:46:07.328642+00:00,2026-10-06T19:46:59.222950+00:00,-155.0,0.3018,available,individual_reference_context_only,derived
1658280,1229240,direct_peer,final_price_gbp,13.49,8.74,available,Eiyuden Chronicle: Hundred Heroes,Chained Echoes,established,back_catalogue,different_lifecycle_unadjusted,steam-20261006T194553640385Z-e09f1dd7,steam-20261006T194553640385Z-e09f1dd7,2026-10-06T19:46:04.258295+00:00,2026-10-06T19:46:55.926396+00:00,4.75,1.5435,available,individual_reference_context_only,derived
1658280,1229240,direct_peer,lifetime_review_count,4676,8215,available,Eiyuden Chronicle: Hundred Heroes,Chained Echoes,established,back_catalogue,different_lifecycle_unadjusted,steam-20261006T194553640385Z-e09f1dd7,steam-20261006T194553640385Z-e09f1dd7,2026-10-06T19:46:05.238696+00:00,2026-10-06T19:46:57.054783+00:00,-3539.0,0.5692,available,individual_reference_context_only,derived
1658280,1229240,direct_peer,lifetime_review_positive_percent,75.3422,88.5819,available,Eiyuden Chronicle: Hundred Heroes,Chained Echoes,established,back_catalogue,different_lifecycle_unadjusted,steam-20261006T194553640385Z-e09f1dd7,steam-20261006T194553640385Z-e09f1dd7,2026-10-06T19:46:05.238696+00:00,2026-10-06T19:46:57.054783+00:00,-13.2397,,not_applicable_use_percentage_points,individual_reference_context_only,derived
1658280,1244090,direct_peer,current_players,67,385,available,Eiyuden Chronicle: Hundred Heroes,Sea of Stars,established,back_catalogue,different_lifecycle_unadjusted,steam-20261006T194553640385Z-e09f1dd7,steam-20261006T194553640385Z-e09f1dd7,2026-10-06T19:46:07.328642+00:00,2026-10-06T19:46:55.867606+00:00,-318.0,0.174,available,individual_reference_context_only,derived
1658280,1244090,direct_peer,final_price_gbp,13.49,14.75,available,Eiyuden Chronicle: Hundred Heroes,Sea of Stars,established,back_catalogue,different_lifecycle_unadjusted,steam-20261006T194553640385Z-e09f1dd7,steam-20261006T194553640385Z-e09f1dd7,2026-10-06T19:46:04.258295+00:00,2026-10-06T19:46:52.605378+00:00,-1.26,0.9146,available,individual_reference_context_only,derived
1658280,1244090,direct_peer,lifetime_review_count,4676,15646,available,Eiyuden Chronicle: Hundred Heroes,Sea of Stars,established,back_catalogue,different_lifecycle_unadjusted,steam-20261006T194553640385Z-e09f1dd7,steam-20261006T194553640385Z-e09f1dd7,2026-10-06T19:46:05.238696+00:00,2026-10-06T19:46:53.711126+00:00,-10970.0,0.2989,available,individual_reference_context_only,derived
1658280,1244090,direct_peer,lifetime_review_positive_percent,75.3422,88.406,available,Eiyuden Chronicle: Hundred Heroes,Sea of Stars,established,back_catalogue,different_lifecycle_unadjusted,steam-20261006T194553640385Z-e09f1dd7,steam-20261006T194553640385Z-e09f1dd7,2026-10-06T19:46:05.238696+00:00,2026-10-06T19:46:53.711126+00:00,-13.0638,,not_applicable_use_percentage_points,individual_reference_context_only,derived
1658280,1971650,direct_peer,current_players,67,634,available,Eiyuden Chronicle: Hundred Heroes,OCTOPATH TRAVELER II,established,back_catalogue,different_lifecycle_unadjusted,steam-20261006T194553640385Z-e09f1dd7,steam-20261006T194553640385Z-e09f1dd7,2026-10-06T19:46:07.328642+00:00,2026-10-06T19:46:54.554794+00:00,-567.0,0.1057,available,individual_reference_context_only,derived
1658280,1971650,direct_peer,final_price_gbp,13.49,19.99,available,Eiyuden Chronicle: Hundred Heroes,OCTOPATH TRAVELER II,established,back_catalogue,different_lifecycle_unadjusted,steam-20261006T194553640385Z-e09f1dd7,steam-20261006T194553640385Z-e09f1dd7,2026-10-06T19:46:04.258295+00:00,2026-10-06T19:46:51.561894+00:00,-6.5,0.6748,available,individual_reference_context_only,derived
1658280,1971650,direct_peer,lifetime_review_count,4676,17702,available,Eiyuden Chronicle: Hundred Heroes,OCTOPATH TRAVELER II,established,back_catalogue,different_lifecycle_unadjusted,steam-20261006T194553640385Z-e09f1dd7,steam-20261006T194553640385Z-e09f1dd7,2026-10-06T19:46:05.238696+00:00,2026-10-06T19:46:52.689116+00:00,-13026.0,0.2642,available,individual_reference_context_only,derived
1658280,1971650,direct_peer,lifetime_review_positive_percent,75.3422,92.9895,available,Eiyuden Chronicle: Hundred Heroes,OCTOPATH TRAVELER II,established,back_catalogue,different_lifecycle_unadjusted,steam-20261006T194553640385Z-e09f1dd7,steam-20261006T194553640385Z-e09f1dd7,2026-10-06T19:46:05.238696+00:00,2026-10-06T19:46:52.689116+00:00,-17.6473,,not_applicable_use_percentage_points,individual_reference_context_only,derived
1850570,1182900,adjacent_reference,current_players,2574,407,available,DEATH STRANDING DIRECTOR'S CUT,A Plague Tale: Requiem,back_catalogue,back_catalogue,same_bucket_unadjusted,steam-20261006T194553640385Z-e09f1dd7,steam-20261006T194553640385Z-e09f1dd7,2026-10-06T19:46:14.946026+00:00,2026-10-06T19:47:03.414350+00:00,2167.0,6.3243,available,individual_reference_context_only,derived
1850570,1182900,adjacent_reference,final_price_gbp,8.74,13.49,available,DEATH STRANDING DIRECTOR'S CUT,A Plague Tale: Requiem,back_catalogue,back_catalogue,same_bucket_unadjusted,steam-20261006T194553640385Z-e09f1dd7,steam-20261006T194553640385Z-e09f1dd7,2026-10-06T19:46:11.910344+00:00,2026-10-06T19:47:00.298362+00:00,-4.75,0.6479,available,individual_reference_context_only,derived
1850570,1182900,adjacent_reference,lifetime_review_count,69434,27701,available,DEATH STRANDING DIRECTOR'S CUT,A Plague Tale: Requiem,back_catalogue,back_catalogue,same_bucket_unadjusted,steam-20261006T194553640385Z-e09f1dd7,steam-20261006T194553640385Z-e09f1dd7,2026-10-06T19:46:13.046975+00:00,2026-10-06T19:47:01.454343+00:00,41733.0,2.5066,available,individual_reference_context_only,derived
1850570,1182900,adjacent_reference,lifetime_review_positive_percent,92.171,90.7296,available,DEATH STRANDING DIRECTOR'S CUT,A Plague Tale: Requiem,back_catalogue,back_catalogue,same_bucket_unadjusted,steam-20261006T194553640385Z-e09f1dd7,steam-20261006T194553640385Z-e09f1dd7,2026-10-06T19:46:13.046975+00:00,2026-10-06T19:47:01.454343+00:00,1.4414,,not_applicable_use_percentage_points,individual_reference_context_only,derived
1850570,1259420,adjacent_reference,current_players,2574,2437,available,DEATH STRANDING DIRECTOR'S CUT,Days Gone,back_catalogue,back_catalogue,same_bucket_unadjusted,steam-20261006T194553640385Z-e09f1dd7,steam-20261006T194553640385Z-e09f1dd7,2026-10-06T19:46:14.946026+00:00,2026-10-06T19:47:04.399986+00:00,137.0,1.0562,available,individual_reference_context_only,derived
1850570,1259420,adjacent_reference,final_price_gbp,8.74,13.99,available,DEATH STRANDING DIRECTOR'S CUT,Days Gone,back_catalogue,back_catalogue,same_bucket_unadjusted,steam-20261006T194553640385Z-e09f1dd7,steam-20261006T194553640385Z-e09f1dd7,2026-10-06T19:46:11.910344+00:00,2026-10-06T19:47:01.357693+00:00,-5.25,0.6247,available,individual_reference_context_only,derived
1850570,1259420,adjacent_reference,lifetime_review_count,69434,117513,available,DEATH STRANDING DIRECTOR'S CUT,Days Gone,back_catalogue,back_catalogue,same_bucket_unadjusted,steam-20261006T194553640385Z-e09f1dd7,steam-20261006T194553640385Z-e09f1dd7,2026-10-06T19:46:13.046975+00:00,2026-10-06T19:47:02.507898+00:00,-48079.0,0.5909,available,individual_reference_context_only,derived
1850570,1259420,adjacent_reference,lifetime_review_positive_percent,92.171,92.72,available,DEATH STRANDING DIRECTOR'S CUT,Days Gone,back_catalogue,back_catalogue,same_bucket_unadjusted,steam-20261006T194553640385Z-e09f1dd7,steam-20261006T194553640385Z-e09f1dd7,2026-10-06T19:46:13.046975+00:00,2026-10-06T19:47:02.507898+00:00,-0.549,,not_applicable_use_percentage_points,individual_reference_context_only,derived
2091020,1245620,category_leader,current_players,35,25087,available,Blades of Fire,ELDEN RING,early_lifecycle,back_catalogue,different_lifecycle_unadjusted,steam-20261006T194553640385Z-e09f1dd7,steam-20261006T194553640385Z-e09f1dd7,2026-10-06T19:45:57.292766+00:00,2026-10-06T19:46:32.542430+00:00,-25052.0,0.0014,available,individual_reference_context_only,derived
2091020,1245620,category_leader,final_price_gbp,17.49,49.99,available,Blades of Fire,ELDEN RING,early_lifecycle,back_catalogue,different_lifecycle_unadjusted,steam-20261006T194553640385Z-e09f1dd7,steam-20261006T194553640385Z-e09f1dd7,2026-10-06T19:45:54.198644+00:00,2026-10-06T19:46:29.460982+00:00,-32.5,0.3499,available,individual_reference_context_only,derived
2091020,1245620,category_leader,lifetime_review_count,715,1157846,available,Blades of Fire,ELDEN RING,early_lifecycle,back_catalogue,different_lifecycle_unadjusted,steam-20261006T194553640385Z-e09f1dd7,steam-20261006T194553640385Z-e09f1dd7,2026-10-06T19:45:55.402831+00:00,2026-10-06T19:46:30.938596+00:00,-1157131.0,0.0006,available,individual_reference_context_only,derived
2091020,1245620,category_leader,lifetime_review_positive_percent,75.2448,93.0456,available,Blades of Fire,ELDEN RING,early_lifecycle,back_catalogue,different_lifecycle_unadjusted,steam-20261006T194553640385Z-e09f1dd7,steam-20261006T194553640385Z-e09f1dd7,2026-10-06T19:45:55.402831+00:00,2026-10-06T19:46:30.938596+00:00,-17.8008,,not_applicable_use_percentage_points,individual_reference_context_only,derived
2091020,1501750,direct_peer,current_players,35,1220,available,Blades of Fire,Lords of the Fallen,early_lifecycle,established,different_lifecycle_unadjusted,steam-20261006T194553640385Z-e09f1dd7,steam-20261006T194553640385Z-e09f1dd7,2026-10-06T19:45:57.292766+00:00,2026-10-06T19:46:36.906524+00:00,-1185.0,0.0287,available,individual_reference_context_only,derived
2091020,1501750,direct_peer,final_price_gbp,17.49,8.24,available,Blades of Fire,Lords of the Fallen,early_lifecycle,established,different_lifecycle_unadjusted,steam-20261006T194553640385Z-e09f1dd7,steam-20261006T194553640385Z-e09f1dd7,2026-10-06T19:45:54.198644+00:00,2026-10-06T19:46:33.854127+00:00,9.25,2.1226,available,individual_reference_context_only,derived
2091020,1501750,direct_peer,lifetime_review_count,715,56644,available,Blades of Fire,Lords of the Fallen,early_lifecycle,established,different_lifecycle_unadjusted,steam-20261006T194553640385Z-e09f1dd7,steam-20261006T194553640385Z-e09f1dd7,2026-10-06T19:45:55.402831+00:00,2026-10-06T19:46:35.002251+00:00,-55929.0,0.0126,available,individual_reference_context_only,derived
2091020,1501750,direct_peer,lifetime_review_positive_percent,75.2448,67.9772,available,Blades of Fire,Lords of the Fallen,early_lifecycle,established,different_lifecycle_unadjusted,steam-20261006T194553640385Z-e09f1dd7,steam-20261006T194553640385Z-e09f1dd7,2026-10-06T19:45:55.402831+00:00,2026-10-06T19:46:35.002251+00:00,7.2676,,not_applicable_use_percentage_points,individual_reference_context_only,derived
2091020,1627720,direct_peer,current_players,35,1980,available,Blades of Fire,Lies of P,early_lifecycle,back_catalogue,different_lifecycle_unadjusted,steam-20261006T194553640385Z-e09f1dd7,steam-20261006T194553640385Z-e09f1dd7,2026-10-06T19:45:57.292766+00:00,2026-10-06T19:46:33.870963+00:00,-1945.0,0.0177,available,individual_reference_context_only,derived
2091020,1627720,direct_peer,final_price_gbp,17.49,24.99,available,Blades of Fire,Lies of P,early_lifecycle,back_catalogue,different_lifecycle_unadjusted,steam-20261006T194553640385Z-e09f1dd7,steam-20261006T194553640385Z-e09f1dd7,2026-10-06T19:45:54.198644+00:00,2026-10-06T19:46:30.607966+00:00,-7.5,0.6999,available,individual_reference_context_only,derived
2091020,1627720,direct_peer,lifetime_review_count,715,83545,available,Blades of Fire,Lies of P,early_lifecycle,back_catalogue,different_lifecycle_unadjusted,steam-20261006T194553640385Z-e09f1dd7,steam-20261006T194553640385Z-e09f1dd7,2026-10-06T19:45:55.402831+00:00,2026-10-06T19:46:31.684372+00:00,-82830.0,0.0086,available,individual_reference_context_only,derived
2091020,1627720,direct_peer,lifetime_review_positive_percent,75.2448,91.6057,available,Blades of Fire,Lies of P,early_lifecycle,back_catalogue,different_lifecycle_unadjusted,steam-20261006T194553640385Z-e09f1dd7,steam-20261006T194553640385Z-e09f1dd7,2026-10-06T19:45:55.402831+00:00,2026-10-06T19:46:31.684372+00:00,-16.3609,,not_applicable_use_percentage_points,individual_reference_context_only,derived
2144740,460950,adjacent_reference,current_players,50,111,available,Ghostrunner 2,Katana ZERO,established,back_catalogue,different_lifecycle_unadjusted,steam-20261006T194553640385Z-e09f1dd7,steam-20261006T194553640385Z-e09f1dd7,2026-10-06T19:46:10.520837+00:00,2026-10-06T19:46:51.314863+00:00,-61.0,0.4505,available,individual_reference_context_only,derived
2144740,460950,adjacent_reference,final_price_gbp,6.99,7.67,available,Ghostrunner 2,Katana ZERO,established,back_catalogue,different_lifecycle_unadjusted,steam-20261006T194553640385Z-e09f1dd7,steam-20261006T194553640385Z-e09f1dd7,2026-10-06T19:46:07.460533+00:00,2026-10-06T19:46:48.203973+00:00,-0.68,0.9113,available,individual_reference_context_only,derived
2144740,460950,adjacent_reference,lifetime_review_count,11665,76274,available,Ghostrunner 2,Katana ZERO,established,back_catalogue,different_lifecycle_unadjusted,steam-20261006T194553640385Z-e09f1dd7,steam-20261006T194553640385Z-e09f1dd7,2026-10-06T19:46:08.592522+00:00,2026-10-06T19:46:49.299777+00:00,-64609.0,0.1529,available,individual_reference_context_only,derived
2144740,460950,adjacent_reference,lifetime_review_positive_percent,79.9571,97.9062,available,Ghostrunner 2,Katana ZERO,established,back_catalogue,different_lifecycle_unadjusted,steam-20261006T194553640385Z-e09f1dd7,steam-20261006T194553640385Z-e09f1dd7,2026-10-06T19:46:08.592522+00:00,2026-10-06T19:46:49.299777+00:00,-17.9491,,not_applicable_use_percentage_points,individual_reference_context_only,derived
2144740,1164940,adjacent_reference,current_players,50,177,available,Ghostrunner 2,Trepang2,established,back_catalogue,different_lifecycle_unadjusted,steam-20261006T194553640385Z-e09f1dd7,steam-20261006T194553640385Z-e09f1dd7,2026-10-06T19:46:10.520837+00:00,2026-10-06T19:46:47.106301+00:00,-127.0,0.2825,available,individual_reference_context_only,derived
2144740,1164940,adjacent_reference,final_price_gbp,6.99,6.24,available,Ghostrunner 2,Trepang2,established,back_catalogue,different_lifecycle_unadjusted,steam-20261006T194553640385Z-e09f1dd7,steam-20261006T194553640385Z-e09f1dd7,2026-10-06T19:46:07.460533+00:00,2026-10-06T19:46:43.796909+00:00,0.75,1.1202,available,individual_reference_context_only,derived
2144740,1164940,adjacent_reference,lifetime_review_count,11665,19777,available,Ghostrunner 2,Trepang2,established,back_catalogue,different_lifecycle_unadjusted,steam-20261006T194553640385Z-e09f1dd7,steam-20261006T194553640385Z-e09f1dd7,2026-10-06T19:46:08.592522+00:00,2026-10-06T19:46:44.855890+00:00,-8112.0,0.5898,available,individual_reference_context_only,derived
2144740,1164940,adjacent_reference,lifetime_review_positive_percent,79.9571,92.7036,available,Ghostrunner 2,Trepang2,established,back_catalogue,different_lifecycle_unadjusted,steam-20261006T194553640385Z-e09f1dd7,steam-20261006T194553640385Z-e09f1dd7,2026-10-06T19:46:08.592522+00:00,2026-10-06T19:46:44.855890+00:00,-12.7465,,not_applicable_use_percentage_points,individual_reference_context_only,derived
2144740,1533420,direct_peer,current_players,50,171,available,Ghostrunner 2,Neon White,established,back_catalogue,different_lifecycle_unadjusted,steam-20261006T194553640385Z-e09f1dd7,steam-20261006T194553640385Z-e09f1dd7,2026-10-06T19:46:10.520837+00:00,2026-10-06T19:46:50.169118+00:00,-121.0,0.2924,available,individual_reference_context_only,derived
2144740,1533420,direct_peer,final_price_gbp,6.99,7.99,available,Ghostrunner 2,Neon White,established,back_catalogue,different_lifecycle_unadjusted,steam-20261006T194553640385Z-e09f1dd7,steam-20261006T194553640385Z-e09f1dd7,2026-10-06T19:46:07.460533+00:00,2026-10-06T19:46:47.194840+00:00,-1.0,0.8748,available,individual_reference_context_only,derived
2144740,1533420,direct_peer,lifetime_review_count,11665,20949,available,Ghostrunner 2,Neon White,established,back_catalogue,different_lifecycle_unadjusted,steam-20261006T194553640385Z-e09f1dd7,steam-20261006T194553640385Z-e09f1dd7,2026-10-06T19:46:08.592522+00:00,2026-10-06T19:46:48.253694+00:00,-9284.0,0.5568,available,individual_reference_context_only,derived
2144740,1533420,direct_peer,lifetime_review_positive_percent,79.9571,97.8662,available,Ghostrunner 2,Neon White,established,back_catalogue,different_lifecycle_unadjusted,steam-20261006T194553640385Z-e09f1dd7,steam-20261006T194553640385Z-e09f1dd7,2026-10-06T19:46:08.592522+00:00,2026-10-06T19:46:48.253694+00:00,-17.9091,,not_applicable_use_percentage_points,individual_reference_context_only,derived
2277560,1245620,category_leader,current_players,448,25087,available,WUCHANG: Fallen Feathers,ELDEN RING,established,back_catalogue,different_lifecycle_unadjusted,steam-20261006T194553640385Z-e09f1dd7,steam-20261006T194553640385Z-e09f1dd7,2026-10-06T19:46:00.763748+00:00,2026-10-06T19:46:32.542430+00:00,-24639.0,0.0179,available,individual_reference_context_only,derived
2277560,1245620,category_leader,final_price_gbp,31.49,49.99,available,WUCHANG: Fallen Feathers,ELDEN RING,established,back_catalogue,different_lifecycle_unadjusted,steam-20261006T194553640385Z-e09f1dd7,steam-20261006T194553640385Z-e09f1dd7,2026-10-06T19:45:58.602126+00:00,2026-10-06T19:46:29.460982+00:00,-18.5,0.6299,available,individual_reference_context_only,derived
2277560,1245620,category_leader,lifetime_review_count,106618,1157846,available,WUCHANG: Fallen Feathers,ELDEN RING,established,back_catalogue,different_lifecycle_unadjusted,steam-20261006T194553640385Z-e09f1dd7,steam-20261006T194553640385Z-e09f1dd7,2026-10-06T19:45:59.845049+00:00,2026-10-06T19:46:30.938596+00:00,-1051228.0,0.0921,available,individual_reference_context_only,derived
2277560,1245620,category_leader,lifetime_review_positive_percent,57.3327,93.0456,available,WUCHANG: Fallen Feathers,ELDEN RING,established,back_catalogue,different_lifecycle_unadjusted,steam-20261006T194553640385Z-e09f1dd7,steam-20261006T194553640385Z-e09f1dd7,2026-10-06T19:45:59.845049+00:00,2026-10-06T19:46:30.938596+00:00,-35.7129,,not_applicable_use_percentage_points,individual_reference_context_only,derived
2277560,1501750,direct_peer,current_players,448,1220,available,WUCHANG: Fallen Feathers,Lords of the Fallen,established,established,same_bucket_unadjusted,steam-20261006T194553640385Z-e09f1dd7,steam-20261006T194553640385Z-e09f1dd7,2026-10-06T19:46:00.763748+00:00,2026-10-06T19:46:36.906524+00:00,-772.0,0.3672,available,individual_reference_context_only,derived
2277560,1501750,direct_peer,final_price_gbp,31.49,8.24,available,WUCHANG: Fallen Feathers,Lords of the Fallen,established,established,same_bucket_unadjusted,steam-20261006T194553640385Z-e09f1dd7,steam-20261006T194553640385Z-e09f1dd7,2026-10-06T19:45:58.602126+00:00,2026-10-06T19:46:33.854127+00:00,23.25,3.8216,available,individual_reference_context_only,derived
2277560,1501750,direct_peer,lifetime_review_count,106618,56644,available,WUCHANG: Fallen Feathers,Lords of the Fallen,established,established,same_bucket_unadjusted,steam-20261006T194553640385Z-e09f1dd7,steam-20261006T194553640385Z-e09f1dd7,2026-10-06T19:45:59.845049+00:00,2026-10-06T19:46:35.002251+00:00,49974.0,1.8822,available,individual_reference_context_only,derived
2277560,1501750,direct_peer,lifetime_review_positive_percent,57.3327,67.9772,available,WUCHANG: Fallen Feathers,Lords of the Fallen,established,established,same_bucket_unadjusted,steam-20261006T194553640385Z-e09f1dd7,steam-20261006T194553640385Z-e09f1dd7,2026-10-06T19:45:59.845049+00:00,2026-10-06T19:46:35.002251+00:00,-10.6445,,not_applicable_use_percentage_points,individual_reference_context_only,derived
2277560,1627720,direct_peer,current_players,448,1980,available,WUCHANG: Fallen Feathers,Lies of P,established,back_catalogue,different_lifecycle_unadjusted,steam-20261006T194553640385Z-e09f1dd7,steam-20261006T194553640385Z-e09f1dd7,2026-10-06T19:46:00.763748+00:00,2026-10-06T19:46:33.870963+00:00,-1532.0,0.2263,available,individual_reference_context_only,derived
2277560,1627720,direct_peer,final_price_gbp,31.49,24.99,available,WUCHANG: Fallen Feathers,Lies of P,established,back_catalogue,different_lifecycle_unadjusted,steam-20261006T194553640385Z-e09f1dd7,steam-20261006T194553640385Z-e09f1dd7,2026-10-06T19:45:58.602126+00:00,2026-10-06T19:46:30.607966+00:00,6.5,1.2601,available,individual_reference_context_only,derived
2277560,1627720,direct_peer,lifetime_review_count,106618,83545,available,WUCHANG: Fallen Feathers,Lies of P,established,back_catalogue,different_lifecycle_unadjusted,steam-20261006T194553640385Z-e09f1dd7,steam-20261006T194553640385Z-e09f1dd7,2026-10-06T19:45:59.845049+00:00,2026-10-06T19:46:31.684372+00:00,23073.0,1.2762,available,individual_reference_context_only,derived
2277560,1627720,direct_peer,lifetime_review_positive_percent,57.3327,91.6057,available,WUCHANG: Fallen Feathers,Lies of P,established,back_catalogue,different_lifecycle_unadjusted,steam-20261006T194553640385Z-e09f1dd7,steam-20261006T194553640385Z-e09f1dd7,2026-10-06T19:45:59.845049+00:00,2026-10-06T19:46:31.684372+00:00,-34.273,,not_applicable_use_percentage_points,individual_reference_context_only,derived
2277560,2358720,adjacent_reference,current_players,448,4531,available,WUCHANG: Fallen Feathers,Black Myth: Wukong,established,established,same_bucket_unadjusted,steam-20261006T194553640385Z-e09f1dd7,steam-20261006T194553640385Z-e09f1dd7,2026-10-06T19:46:00.763748+00:00,2026-10-06T19:46:38.065544+00:00,-4083.0,0.0989,available,individual_reference_context_only,derived
2277560,2358720,adjacent_reference,final_price_gbp,31.49,49.99,available,WUCHANG: Fallen Feathers,Black Myth: Wukong,established,established,same_bucket_unadjusted,steam-20261006T194553640385Z-e09f1dd7,steam-20261006T194553640385Z-e09f1dd7,2026-10-06T19:45:58.602126+00:00,2026-10-06T19:46:34.948468+00:00,-18.5,0.6299,available,individual_reference_context_only,derived
2277560,2358720,adjacent_reference,lifetime_review_count,106618,1213346,available,WUCHANG: Fallen Feathers,Black Myth: Wukong,established,established,same_bucket_unadjusted,steam-20261006T194553640385Z-e09f1dd7,steam-20261006T194553640385Z-e09f1dd7,2026-10-06T19:45:59.845049+00:00,2026-10-06T19:46:36.353378+00:00,-1106728.0,0.0879,available,individual_reference_context_only,derived
2277560,2358720,adjacent_reference,lifetime_review_positive_percent,57.3327,96.4814,available,WUCHANG: Fallen Feathers,Black Myth: Wukong,established,established,same_bucket_unadjusted,steam-20261006T194553640385Z-e09f1dd7,steam-20261006T194553640385Z-e09f1dd7,2026-10-06T19:45:59.845049+00:00,2026-10-06T19:46:36.353378+00:00,-39.1487,,not_applicable_use_percentage_points,individual_reference_context_only,derived
2933080,493520,adjacent_reference,current_players,169,680,available,Crime Boss: Rockay City,GTFO,established,back_catalogue,different_lifecycle_unadjusted,steam-20261006T194553640385Z-e09f1dd7,steam-20261006T194553640385Z-e09f1dd7,2026-10-06T19:46:06.109698+00:00,2026-10-06T19:46:45.798618+00:00,-511.0,0.2485,available,individual_reference_context_only,derived
2933080,493520,adjacent_reference,final_price_gbp,1.59,9.44,available,Crime Boss: Rockay City,GTFO,established,back_catalogue,different_lifecycle_unadjusted,steam-20261006T194553640385Z-e09f1dd7,steam-20261006T194553640385Z-e09f1dd7,2026-10-06T19:46:02.041020+00:00,2026-10-06T19:46:42.639935+00:00,-7.85,0.1684,available,individual_reference_context_only,derived
2933080,493520,adjacent_reference,lifetime_review_count,10653,66953,available,Crime Boss: Rockay City,GTFO,established,back_catalogue,different_lifecycle_unadjusted,steam-20261006T194553640385Z-e09f1dd7,steam-20261006T194553640385Z-e09f1dd7,2026-10-06T19:46:04.285762+00:00,2026-10-06T19:46:43.864501+00:00,-56300.0,0.1591,available,individual_reference_context_only,derived
2933080,493520,adjacent_reference,lifetime_review_positive_percent,68.3188,83.8558,available,Crime Boss: Rockay City,GTFO,established,back_catalogue,different_lifecycle_unadjusted,steam-20261006T194553640385Z-e09f1dd7,steam-20261006T194553640385Z-e09f1dd7,2026-10-06T19:46:04.285762+00:00,2026-10-06T19:46:43.864501+00:00,-15.537,,not_applicable_use_percentage_points,individual_reference_context_only,derived
2933080,1144200,adjacent_reference,current_players,169,9478,available,Crime Boss: Rockay City,Ready or Not,established,established,same_bucket_unadjusted,steam-20261006T194553640385Z-e09f1dd7,steam-20261006T194553640385Z-e09f1dd7,2026-10-06T19:46:06.109698+00:00,2026-10-06T19:46:42.521441+00:00,-9309.0,0.0178,available,individual_reference_context_only,derived
2933080,1144200,adjacent_reference,final_price_gbp,1.59,22.49,available,Crime Boss: Rockay City,Ready or Not,established,established,same_bucket_unadjusted,steam-20261006T194553640385Z-e09f1dd7,steam-20261006T194553640385Z-e09f1dd7,2026-10-06T19:46:02.041020+00:00,2026-10-06T19:46:39.339288+00:00,-20.9,0.0707,available,individual_reference_context_only,derived
2933080,1144200,adjacent_reference,lifetime_review_count,10653,348680,available,Crime Boss: Rockay City,Ready or Not,established,established,same_bucket_unadjusted,steam-20261006T194553640385Z-e09f1dd7,steam-20261006T194553640385Z-e09f1dd7,2026-10-06T19:46:04.285762+00:00,2026-10-06T19:46:40.582224+00:00,-338027.0,0.0306,available,individual_reference_context_only,derived
2933080,1144200,adjacent_reference,lifetime_review_positive_percent,68.3188,78.9036,available,Crime Boss: Rockay City,Ready or Not,established,established,same_bucket_unadjusted,steam-20261006T194553640385Z-e09f1dd7,steam-20261006T194553640385Z-e09f1dd7,2026-10-06T19:46:04.285762+00:00,2026-10-06T19:46:40.582224+00:00,-10.5848,,not_applicable_use_percentage_points,individual_reference_context_only,derived
2933080,1272080,direct_peer,current_players,169,1287,available,Crime Boss: Rockay City,PAYDAY 3,established,back_catalogue,different_lifecycle_unadjusted,steam-20261006T194553640385Z-e09f1dd7,steam-20261006T194553640385Z-e09f1dd7,2026-10-06T19:46:06.109698+00:00,2026-10-06T19:46:41.312943+00:00,-1118.0,0.1313,available,individual_reference_context_only,derived
2933080,1272080,direct_peer,final_price_gbp,1.59,23.99,available,Crime Boss: Rockay City,PAYDAY 3,established,back_catalogue,different_lifecycle_unadjusted,steam-20261006T194553640385Z-e09f1dd7,steam-20261006T194553640385Z-e09f1dd7,2026-10-06T19:46:02.041020+00:00,2026-10-06T19:46:38.246235+00:00,-22.4,0.0663,available,individual_reference_context_only,derived
2933080,1272080,direct_peer,lifetime_review_count,10653,66105,available,Crime Boss: Rockay City,PAYDAY 3,established,back_catalogue,different_lifecycle_unadjusted,steam-20261006T194553640385Z-e09f1dd7,steam-20261006T194553640385Z-e09f1dd7,2026-10-06T19:46:04.285762+00:00,2026-10-06T19:46:39.400168+00:00,-55452.0,0.1612,available,individual_reference_context_only,derived
2933080,1272080,direct_peer,lifetime_review_positive_percent,68.3188,46.3535,available,Crime Boss: Rockay City,PAYDAY 3,established,back_catalogue,different_lifecycle_unadjusted,steam-20261006T194553640385Z-e09f1dd7,steam-20261006T194553640385Z-e09f1dd7,2026-10-06T19:46:04.285762+00:00,2026-10-06T19:46:39.400168+00:00,21.9653,,not_applicable_use_percentage_points,individual_reference_context_only,derived
3058630,365960,lifecycle_reference,current_players,1267,376,available,Assetto Corsa EVO,rFactor 2,early_access,back_catalogue,different_lifecycle_unadjusted,steam-20261006T194553640385Z-e09f1dd7,steam-20261006T194553640385Z-e09f1dd7,2026-10-06T19:46:02.957975+00:00,2026-10-06T19:46:29.384892+00:00,891.0,3.3697,available,individual_reference_context_only,derived
3058630,365960,lifecycle_reference,final_price_gbp,26.39,3.74,available,Assetto Corsa EVO,rFactor 2,early_access,back_catalogue,different_lifecycle_unadjusted,steam-20261006T194553640385Z-e09f1dd7,steam-20261006T194553640385Z-e09f1dd7,2026-10-06T19:45:59.865690+00:00,2026-10-06T19:46:26.208945+00:00,22.65,7.0561,available,individual_reference_context_only,derived
3058630,365960,lifecycle_reference,lifetime_review_count,21521,9243,available,Assetto Corsa EVO,rFactor 2,early_access,back_catalogue,different_lifecycle_unadjusted,steam-20261006T194553640385Z-e09f1dd7,steam-20261006T194553640385Z-e09f1dd7,2026-10-06T19:46:01.970158+00:00,2026-10-06T19:46:27.245524+00:00,12278.0,2.3284,available,individual_reference_context_only,derived
3058630,365960,lifecycle_reference,lifetime_review_positive_percent,58.9471,78.5892,available,Assetto Corsa EVO,rFactor 2,early_access,back_catalogue,different_lifecycle_unadjusted,steam-20261006T194553640385Z-e09f1dd7,steam-20261006T194553640385Z-e09f1dd7,2026-10-06T19:46:01.970158+00:00,2026-10-06T19:46:27.245524+00:00,-19.6421,,not_applicable_use_percentage_points,individual_reference_context_only,derived
3058630,1066890,direct_peer,current_players,1267,1349,available,Assetto Corsa EVO,Automobilista 2,early_access,back_catalogue,different_lifecycle_unadjusted,steam-20261006T194553640385Z-e09f1dd7,steam-20261006T194553640385Z-e09f1dd7,2026-10-06T19:46:02.957975+00:00,2026-10-06T19:46:23.755787+00:00,-82.0,0.9392,available,individual_reference_context_only,derived
3058630,1066890,direct_peer,final_price_gbp,26.39,17.49,available,Assetto Corsa EVO,Automobilista 2,early_access,back_catalogue,different_lifecycle_unadjusted,steam-20261006T194553640385Z-e09f1dd7,steam-20261006T194553640385Z-e09f1dd7,2026-10-06T19:45:59.865690+00:00,2026-10-06T19:46:21.120850+00:00,8.9,1.5089,available,individual_reference_context_only,derived
3058630,1066890,direct_peer,lifetime_review_count,21521,16168,available,Assetto Corsa EVO,Automobilista 2,early_access,back_catalogue,different_lifecycle_unadjusted,steam-20261006T194553640385Z-e09f1dd7,steam-20261006T194553640385Z-e09f1dd7,2026-10-06T19:46:01.970158+00:00,2026-10-06T19:46:21.855463+00:00,5353.0,1.3311,available,individual_reference_context_only,derived
3058630,1066890,direct_peer,lifetime_review_positive_percent,58.9471,91.7368,available,Assetto Corsa EVO,Automobilista 2,early_access,back_catalogue,different_lifecycle_unadjusted,steam-20261006T194553640385Z-e09f1dd7,steam-20261006T194553640385Z-e09f1dd7,2026-10-06T19:46:01.970158+00:00,2026-10-06T19:46:21.855463+00:00,-32.7897,,not_applicable_use_percentage_points,individual_reference_context_only,derived
3058630,1849250,adjacent_reference,current_players,1267,291,available,Assetto Corsa EVO,EA SPORTS WRC,early_access,established,different_lifecycle_unadjusted,steam-20261006T194553640385Z-e09f1dd7,steam-20261006T194553640385Z-e09f1dd7,2026-10-06T19:46:02.957975+00:00,2026-10-06T19:46:28.167633+00:00,976.0,4.354,available,individual_reference_context_only,derived
3058630,1849250,adjacent_reference,final_price_gbp,26.39,19.99,available,Assetto Corsa EVO,EA SPORTS WRC,early_access,established,different_lifecycle_unadjusted,steam-20261006T194553640385Z-e09f1dd7,steam-20261006T194553640385Z-e09f1dd7,2026-10-06T19:45:59.865690+00:00,2026-10-06T19:46:25.206106+00:00,6.4,1.3202,available,individual_reference_context_only,derived
3058630,1849250,adjacent_reference,lifetime_review_count,21521,11440,available,Assetto Corsa EVO,EA SPORTS WRC,early_access,established,different_lifecycle_unadjusted,steam-20261006T194553640385Z-e09f1dd7,steam-20261006T194553640385Z-e09f1dd7,2026-10-06T19:46:01.970158+00:00,2026-10-06T19:46:26.297342+00:00,10081.0,1.8812,available,individual_reference_context_only,derived
3058630,1849250,adjacent_reference,lifetime_review_positive_percent,58.9471,61.4073,available,Assetto Corsa EVO,EA SPORTS WRC,early_access,established,different_lifecycle_unadjusted,steam-20261006T194553640385Z-e09f1dd7,steam-20261006T194553640385Z-e09f1dd7,2026-10-06T19:46:01.970158+00:00,2026-10-06T19:46:26.297342+00:00,-2.4602,,not_applicable_use_percentage_points,individual_reference_context_only,derived
3058630,2399420,direct_peer,current_players,1267,6764,available,Assetto Corsa EVO,Le Mans Ultimate,early_access,established,different_lifecycle_unadjusted,steam-20261006T194553640385Z-e09f1dd7,steam-20261006T194553640385Z-e09f1dd7,2026-10-06T19:46:02.957975+00:00,2026-10-06T19:46:25.001693+00:00,-5497.0,0.1873,available,individual_reference_context_only,derived
3058630,2399420,direct_peer,final_price_gbp,26.39,18.14,available,Assetto Corsa EVO,Le Mans Ultimate,early_access,established,different_lifecycle_unadjusted,steam-20261006T194553640385Z-e09f1dd7,steam-20261006T194553640385Z-e09f1dd7,2026-10-06T19:45:59.865690+00:00,2026-10-06T19:46:21.837174+00:00,8.25,1.4548,available,individual_reference_context_only,derived
3058630,2399420,direct_peer,lifetime_review_count,21521,20574,available,Assetto Corsa EVO,Le Mans Ultimate,early_access,established,different_lifecycle_unadjusted,steam-20261006T194553640385Z-e09f1dd7,steam-20261006T194553640385Z-e09f1dd7,2026-10-06T19:46:01.970158+00:00,2026-10-06T19:46:22.767967+00:00,947.0,1.046,available,individual_reference_context_only,derived
3058630,2399420,direct_peer,lifetime_review_positive_percent,58.9471,78.7304,available,Assetto Corsa EVO,Le Mans Ultimate,early_access,established,different_lifecycle_unadjusted,steam-20261006T194553640385Z-e09f1dd7,steam-20261006T194553640385Z-e09f1dd7,2026-10-06T19:46:01.970158+00:00,2026-10-06T19:46:22.767967+00:00,-19.7833,,not_applicable_use_percentage_points,individual_reference_context_only,derived
3917090,365960,lifecycle_reference,current_players,988,376,available,Assetto Corsa Rally,rFactor 2,early_access,back_catalogue,different_lifecycle_unadjusted,steam-20261006T194553640385Z-e09f1dd7,steam-20261006T194553640385Z-e09f1dd7,2026-10-06T19:45:58.495314+00:00,2026-10-06T19:46:29.384892+00:00,612.0,2.6277,available,individual_reference_context_only,derived
3917090,365960,lifecycle_reference,final_price_gbp,19.99,3.74,available,Assetto Corsa Rally,rFactor 2,early_access,back_catalogue,different_lifecycle_unadjusted,steam-20261006T194553640385Z-e09f1dd7,steam-20261006T194553640385Z-e09f1dd7,2026-10-06T19:45:55.353214+00:00,2026-10-06T19:46:26.208945+00:00,16.25,5.3449,available,individual_reference_context_only,derived
3917090,365960,lifecycle_reference,lifetime_review_count,10903,9243,available,Assetto Corsa Rally,rFactor 2,early_access,back_catalogue,different_lifecycle_unadjusted,steam-20261006T194553640385Z-e09f1dd7,steam-20261006T194553640385Z-e09f1dd7,2026-10-06T19:45:56.444379+00:00,2026-10-06T19:46:27.245524+00:00,1660.0,1.1796,available,individual_reference_context_only,derived
3917090,365960,lifecycle_reference,lifetime_review_positive_percent,87.7281,78.5892,available,Assetto Corsa Rally,rFactor 2,early_access,back_catalogue,different_lifecycle_unadjusted,steam-20261006T194553640385Z-e09f1dd7,steam-20261006T194553640385Z-e09f1dd7,2026-10-06T19:45:56.444379+00:00,2026-10-06T19:46:27.245524+00:00,9.1389,,not_applicable_use_percentage_points,individual_reference_context_only,derived
3917090,1066890,adjacent_reference,current_players,988,1349,available,Assetto Corsa Rally,Automobilista 2,early_access,back_catalogue,different_lifecycle_unadjusted,steam-20261006T194553640385Z-e09f1dd7,steam-20261006T194553640385Z-e09f1dd7,2026-10-06T19:45:58.495314+00:00,2026-10-06T19:46:23.755787+00:00,-361.0,0.7324,available,individual_reference_context_only,derived
3917090,1066890,adjacent_reference,final_price_gbp,19.99,17.49,available,Assetto Corsa Rally,Automobilista 2,early_access,back_catalogue,different_lifecycle_unadjusted,steam-20261006T194553640385Z-e09f1dd7,steam-20261006T194553640385Z-e09f1dd7,2026-10-06T19:45:55.353214+00:00,2026-10-06T19:46:21.120850+00:00,2.5,1.1429,available,individual_reference_context_only,derived
3917090,1066890,adjacent_reference,lifetime_review_count,10903,16168,available,Assetto Corsa Rally,Automobilista 2,early_access,back_catalogue,different_lifecycle_unadjusted,steam-20261006T194553640385Z-e09f1dd7,steam-20261006T194553640385Z-e09f1dd7,2026-10-06T19:45:56.444379+00:00,2026-10-06T19:46:21.855463+00:00,-5265.0,0.6744,available,individual_reference_context_only,derived
3917090,1066890,adjacent_reference,lifetime_review_positive_percent,87.7281,91.7368,available,Assetto Corsa Rally,Automobilista 2,early_access,back_catalogue,different_lifecycle_unadjusted,steam-20261006T194553640385Z-e09f1dd7,steam-20261006T194553640385Z-e09f1dd7,2026-10-06T19:45:56.444379+00:00,2026-10-06T19:46:21.855463+00:00,-4.0087,,not_applicable_use_percentage_points,individual_reference_context_only,derived
3917090,1849250,direct_peer,current_players,988,291,available,Assetto Corsa Rally,EA SPORTS WRC,early_access,established,different_lifecycle_unadjusted,steam-20261006T194553640385Z-e09f1dd7,steam-20261006T194553640385Z-e09f1dd7,2026-10-06T19:45:58.495314+00:00,2026-10-06T19:46:28.167633+00:00,697.0,3.3952,available,individual_reference_context_only,derived
3917090,1849250,direct_peer,final_price_gbp,19.99,19.99,available,Assetto Corsa Rally,EA SPORTS WRC,early_access,established,different_lifecycle_unadjusted,steam-20261006T194553640385Z-e09f1dd7,steam-20261006T194553640385Z-e09f1dd7,2026-10-06T19:45:55.353214+00:00,2026-10-06T19:46:25.206106+00:00,0.0,1.0,available,individual_reference_context_only,derived
3917090,1849250,direct_peer,lifetime_review_count,10903,11440,available,Assetto Corsa Rally,EA SPORTS WRC,early_access,established,different_lifecycle_unadjusted,steam-20261006T194553640385Z-e09f1dd7,steam-20261006T194553640385Z-e09f1dd7,2026-10-06T19:45:56.444379+00:00,2026-10-06T19:46:26.297342+00:00,-537.0,0.9531,available,individual_reference_context_only,derived
3917090,1849250,direct_peer,lifetime_review_positive_percent,87.7281,61.4073,available,Assetto Corsa Rally,EA SPORTS WRC,early_access,established,different_lifecycle_unadjusted,steam-20261006T194553640385Z-e09f1dd7,steam-20261006T194553640385Z-e09f1dd7,2026-10-06T19:45:56.444379+00:00,2026-10-06T19:46:26.297342+00:00,26.3208,,not_applicable_use_percentage_points,individual_reference_context_only,derived
3917090,2399420,adjacent_reference,current_players,988,6764,available,Assetto Corsa Rally,Le Mans Ultimate,early_access,established,different_lifecycle_unadjusted,steam-20261006T194553640385Z-e09f1dd7,steam-20261006T194553640385Z-e09f1dd7,2026-10-06T19:45:58.495314+00:00,2026-10-06T19:46:25.001693+00:00,-5776.0,0.1461,available,individual_reference_context_only,derived
3917090,2399420,adjacent_reference,final_price_gbp,19.99,18.14,available,Assetto Corsa Rally,Le Mans Ultimate,early_access,established,different_lifecycle_unadjusted,steam-20261006T194553640385Z-e09f1dd7,steam-20261006T194553640385Z-e09f1dd7,2026-10-06T19:45:55.353214+00:00,2026-10-06T19:46:21.837174+00:00,1.85,1.102,available,individual_reference_context_only,derived
3917090,2399420,adjacent_reference,lifetime_review_count,10903,20574,available,Assetto Corsa Rally,Le Mans Ultimate,early_access,established,different_lifecycle_unadjusted,steam-20261006T194553640385Z-e09f1dd7,steam-20261006T194553640385Z-e09f1dd7,2026-10-06T19:45:56.444379+00:00,2026-10-06T19:46:22.767967+00:00,-9671.0,0.5299,available,individual_reference_context_only,derived
3917090,2399420,adjacent_reference,lifetime_review_positive_percent,87.7281,78.7304,available,Assetto Corsa Rally,Le Mans Ultimate,early_access,established,different_lifecycle_unadjusted,steam-20261006T194553640385Z-e09f1dd7,steam-20261006T194553640385Z-e09f1dd7,2026-10-06T19:45:56.444379+00:00,2026-10-06T19:46:22.767967+00:00,8.9977,,not_applicable_use_percentage_points,individual_reference_context_only,derived
