portfolio_app_id,portfolio_title,reference_app_id,reference_title,peer_role,rationale,portfolio_run_id,reference_run_id,peer_group,portfolio_lifecycle,reference_lifecycle,portfolio_age_days,reference_age_days,lifecycle_context,portfolio_price_gbp,reference_price_gbp,portfolio_discount_percent,reference_discount_percent,portfolio_review_count,reference_review_count,portfolio_positive_percent,reference_positive_percent,portfolio_current_players,reference_current_players,portfolio_price_at_utc,reference_price_at_utc,portfolio_reviews_at_utc,reference_reviews_at_utc,portfolio_players_at_utc,reference_players_at_utc,price_context_status,review_volume_context_status,positivity_context_status,player_context_status,evidence_class
244210,Assetto Corsa,365960,rFactor 2,direct_peer,Premium racing comparison within the relevant rally or circuit-simulation segment; production scale and release age still require context.,steam-20261006T194553640385Z-e09f1dd7,steam-20261006T194553640385Z-e09f1dd7,Racing simulation,back_catalogue,back_catalogue,4309,3981,same_bucket_unadjusted,3.87,3.74,75.0161,85.034,174877,9243,92.8658,78.5892,13017,376,2026-10-06T19:46:17.380254+00:00,2026-10-06T19:46:26.208945+00:00,2026-10-06T19:46:18.628472+00:00,2026-10-06T19:46:27.245524+00:00,2026-10-06T19:46:20.463885+00:00,2026-10-06T19:46:29.384892+00:00,available,available,available,available,derived
244210,Assetto Corsa,1066890,Automobilista 2,direct_peer,Premium racing comparison within the relevant rally or circuit-simulation segment; production scale and release age still require context.,steam-20261006T194553640385Z-e09f1dd7,steam-20261006T194553640385Z-e09f1dd7,Racing simulation,back_catalogue,back_catalogue,4309,2289,same_bucket_unadjusted,3.87,17.49,75.0161,50.0143,174877,16168,92.8658,91.7368,13017,1349,2026-10-06T19:46:17.380254+00:00,2026-10-06T19:46:21.120850+00:00,2026-10-06T19:46:18.628472+00:00,2026-10-06T19:46:21.855463+00:00,2026-10-06T19:46:20.463885+00:00,2026-10-06T19:46:23.755787+00:00,available,available,available,available,derived
244210,Assetto Corsa,1849250,EA SPORTS WRC,adjacent_reference,Related racing demand/price context across a different driving segment; excluded from direct-peer price measures.,steam-20261006T194553640385Z-e09f1dd7,steam-20261006T194553640385Z-e09f1dd7,Racing simulation,back_catalogue,established,4309,1069,different_lifecycle_unadjusted,3.87,19.99,75.0161,50.0125,174877,11440,92.8658,61.4073,13017,291,2026-10-06T19:46:17.380254+00:00,2026-10-06T19:46:25.206106+00:00,2026-10-06T19:46:18.628472+00:00,2026-10-06T19:46:26.297342+00:00,2026-10-06T19:46:20.463885+00:00,2026-10-06T19:46:28.167633+00:00,available,available,available,available,derived
244210,Assetto Corsa,2399420,Le Mans Ultimate,adjacent_reference,Related racing demand/price context across a different driving segment; excluded from direct-peer price measures.,steam-20261006T194553640385Z-e09f1dd7,steam-20261006T194553640385Z-e09f1dd7,Racing simulation,back_catalogue,established,4309,441,different_lifecycle_unadjusted,3.87,18.14,75.0161,45.0136,174877,20574,92.8658,78.7304,13017,6764,2026-10-06T19:46:17.380254+00:00,2026-10-06T19:46:21.837174+00:00,2026-10-06T19:46:18.628472+00:00,2026-10-06T19:46:22.767967+00:00,2026-10-06T19:46:20.463885+00:00,2026-10-06T19:46:25.001693+00:00,available,available,available,available,derived
805550,Assetto Corsa Competizione,365960,rFactor 2,lifecycle_reference,Long-lived simulation catalogue reference; excluded from direct-peer price measures.,steam-20261006T194553640385Z-e09f1dd7,steam-20261006T194553640385Z-e09f1dd7,Racing simulation,back_catalogue,back_catalogue,2687,3981,same_bucket_unadjusted,8.74,3.74,75.0214,85.034,48703,9243,92.6965,78.5892,3117,376,2026-10-06T19:46:16.258275+00:00,2026-10-06T19:46:26.208945+00:00,2026-10-06T19:46:17.451465+00:00,2026-10-06T19:46:27.245524+00:00,2026-10-06T19:46:19.376585+00:00,2026-10-06T19:46:29.384892+00:00,available,available,available,available,derived
805550,Assetto Corsa Competizione,1066890,Automobilista 2,direct_peer,Premium racing comparison within the relevant rally or circuit-simulation segment; production scale and release age still require context.,steam-20261006T194553640385Z-e09f1dd7,steam-20261006T194553640385Z-e09f1dd7,Racing simulation,back_catalogue,back_catalogue,2687,2289,same_bucket_unadjusted,8.74,17.49,75.0214,50.0143,48703,16168,92.6965,91.7368,3117,1349,2026-10-06T19:46:16.258275+00:00,2026-10-06T19:46:21.120850+00:00,2026-10-06T19:46:17.451465+00:00,2026-10-06T19:46:21.855463+00:00,2026-10-06T19:46:19.376585+00:00,2026-10-06T19:46:23.755787+00:00,available,available,available,available,derived
805550,Assetto Corsa Competizione,1849250,EA SPORTS WRC,adjacent_reference,Related racing demand/price context across a different driving segment; excluded from direct-peer price measures.,steam-20261006T194553640385Z-e09f1dd7,steam-20261006T194553640385Z-e09f1dd7,Racing simulation,back_catalogue,established,2687,1069,different_lifecycle_unadjusted,8.74,19.99,75.0214,50.0125,48703,11440,92.6965,61.4073,3117,291,2026-10-06T19:46:16.258275+00:00,2026-10-06T19:46:25.206106+00:00,2026-10-06T19:46:17.451465+00:00,2026-10-06T19:46:26.297342+00:00,2026-10-06T19:46:19.376585+00:00,2026-10-06T19:46:28.167633+00:00,available,available,available,available,derived
805550,Assetto Corsa Competizione,2399420,Le Mans Ultimate,direct_peer,Premium racing comparison within the relevant rally or circuit-simulation segment; production scale and release age still require context.,steam-20261006T194553640385Z-e09f1dd7,steam-20261006T194553640385Z-e09f1dd7,Racing simulation,back_catalogue,established,2687,441,different_lifecycle_unadjusted,8.74,18.14,75.0214,45.0136,48703,20574,92.6965,78.7304,3117,6764,2026-10-06T19:46:16.258275+00:00,2026-10-06T19:46:21.837174+00:00,2026-10-06T19:46:17.451465+00:00,2026-10-06T19:46:22.767967+00:00,2026-10-06T19:46:19.376585+00:00,2026-10-06T19:46:25.001693+00:00,available,available,available,available,derived
1139900,Ghostrunner,460950,Katana ZERO,adjacent_reference,Neon White is the movement/speed-action reference; other fast-action products differ in perspective or design and remain adjacent.,steam-20261006T194553640385Z-e09f1dd7,steam-20261006T194553640385Z-e09f1dd7,Cyber action,back_catalogue,back_catalogue,2170,2728,same_bucket_unadjusted,6.24,7.67,75.03,40.0313,67005,76274,91.1783,97.9062,142,111,2026-10-06T19:46:12.964268+00:00,2026-10-06T19:46:48.203973+00:00,2026-10-06T19:46:14.088628+00:00,2026-10-06T19:46:49.299777+00:00,2026-10-06T19:46:16.062384+00:00,2026-10-06T19:46:51.314863+00:00,available,available,available,available,derived
1139900,Ghostrunner,1164940,Trepang2,adjacent_reference,Neon White is the movement/speed-action reference; other fast-action products differ in perspective or design and remain adjacent.,steam-20261006T194553640385Z-e09f1dd7,steam-20261006T194553640385Z-e09f1dd7,Cyber action,back_catalogue,back_catalogue,2170,1203,same_bucket_unadjusted,6.24,6.24,75.03,75.03,67005,19777,91.1783,92.7036,142,177,2026-10-06T19:46:12.964268+00:00,2026-10-06T19:46:43.796909+00:00,2026-10-06T19:46:14.088628+00:00,2026-10-06T19:46:44.855890+00:00,2026-10-06T19:46:16.062384+00:00,2026-10-06T19:46:47.106301+00:00,available,available,available,available,derived
1139900,Ghostrunner,1533420,Neon White,direct_peer,Neon White is the movement/speed-action reference; other fast-action products differ in perspective or design and remain adjacent.,steam-20261006T194553640385Z-e09f1dd7,steam-20261006T194553640385Z-e09f1dd7,Cyber action,back_catalogue,back_catalogue,2170,1573,same_bucket_unadjusted,6.24,7.99,75.03,60.03,67005,20949,91.1783,97.8662,142,171,2026-10-06T19:46:12.964268+00:00,2026-10-06T19:46:47.194840+00:00,2026-10-06T19:46:14.088628+00:00,2026-10-06T19:46:48.253694+00:00,2026-10-06T19:46:16.062384+00:00,2026-10-06T19:46:50.169118+00:00,available,available,available,available,derived
1649010,Miasma Chronicles,1084160,Jagged Alliance 3,direct_peer,Premium turn-based tactical reference; a single reference cannot support a robust group statistic.,steam-20261006T194553640385Z-e09f1dd7,steam-20261006T194553640385Z-e09f1dd7,Tactical RPG,back_catalogue,back_catalogue,1232,1180,same_bucket_unadjusted,8.99,3.99,70.0233,90.0225,3075,15143,79.7724,88.3378,48,2369,2026-10-06T19:46:08.541470+00:00,2026-10-06T19:46:57.021658+00:00,2026-10-06T19:46:09.563340+00:00,2026-10-06T19:46:58.002674+00:00,2026-10-06T19:46:11.749952+00:00,2026-10-06T19:47:00.112266+00:00,available,available,available,available,derived
1658280,Eiyuden Chronicle: Hundred Heroes,1229240,Chained Echoes,direct_peer,Premium turn-based modern JRPG reference; production scale and release timing require contextual interpretation.,steam-20261006T194553640385Z-e09f1dd7,steam-20261006T194553640385Z-e09f1dd7,JRPG,established,back_catalogue,896,1398,different_lifecycle_unadjusted,13.49,8.74,70.0156,65.026,4676,8215,75.3422,88.5819,67,222,2026-10-06T19:46:04.258295+00:00,2026-10-06T19:46:55.926396+00:00,2026-10-06T19:46:05.238696+00:00,2026-10-06T19:46:57.054783+00:00,2026-10-06T19:46:07.328642+00:00,2026-10-06T19:46:59.222950+00:00,available,available,available,available,derived
1658280,Eiyuden Chronicle: Hundred Heroes,1244090,Sea of Stars,direct_peer,Premium turn-based modern JRPG reference; production scale and release timing require contextual interpretation.,steam-20261006T194553640385Z-e09f1dd7,steam-20261006T194553640385Z-e09f1dd7,JRPG,established,back_catalogue,896,1135,different_lifecycle_unadjusted,13.49,14.75,70.0156,50.0,4676,15646,75.3422,88.406,67,385,2026-10-06T19:46:04.258295+00:00,2026-10-06T19:46:52.605378+00:00,2026-10-06T19:46:05.238696+00:00,2026-10-06T19:46:53.711126+00:00,2026-10-06T19:46:07.328642+00:00,2026-10-06T19:46:55.867606+00:00,available,available,available,available,derived
1658280,Eiyuden Chronicle: Hundred Heroes,1971650,OCTOPATH TRAVELER II,direct_peer,Premium turn-based modern JRPG reference; production scale and release timing require contextual interpretation.,steam-20261006T194553640385Z-e09f1dd7,steam-20261006T194553640385Z-e09f1dd7,JRPG,established,back_catalogue,896,1320,different_lifecycle_unadjusted,13.49,19.99,70.0156,60.012,4676,17702,75.3422,92.9895,67,634,2026-10-06T19:46:04.258295+00:00,2026-10-06T19:46:51.561894+00:00,2026-10-06T19:46:05.238696+00:00,2026-10-06T19:46:52.689116+00:00,2026-10-06T19:46:07.328642+00:00,2026-10-06T19:46:54.554794+00:00,available,available,available,available,derived
1850570,DEATH STRANDING DIRECTOR'S CUT,1182900,A Plague Tale: Requiem,adjacent_reference,Narrative/action-adventure context with material differences in world structure and mechanics; not a direct-peer price reference.,steam-20261006T194553640385Z-e09f1dd7,steam-20261006T194553640385Z-e09f1dd7,Premium action adventure,back_catalogue,back_catalogue,1651,1450,same_bucket_unadjusted,8.74,13.49,75.0214,70.0156,69434,27701,92.171,90.7296,2574,407,2026-10-06T19:46:11.910344+00:00,2026-10-06T19:47:00.298362+00:00,2026-10-06T19:46:13.046975+00:00,2026-10-06T19:47:01.454343+00:00,2026-10-06T19:46:14.946026+00:00,2026-10-06T19:47:03.414350+00:00,available,available,available,available,derived
1850570,DEATH STRANDING DIRECTOR'S CUT,1259420,Days Gone,adjacent_reference,Narrative/action-adventure context with material differences in world structure and mechanics; not a direct-peer price reference.,steam-20261006T194553640385Z-e09f1dd7,steam-20261006T194553640385Z-e09f1dd7,Premium action adventure,back_catalogue,back_catalogue,1651,1968,same_bucket_unadjusted,8.74,13.99,75.0214,60.0171,69434,117513,92.171,92.72,2574,2437,2026-10-06T19:46:11.910344+00:00,2026-10-06T19:47:01.357693+00:00,2026-10-06T19:46:13.046975+00:00,2026-10-06T19:47:02.507898+00:00,2026-10-06T19:46:14.946026+00:00,2026-10-06T19:47:04.399986+00:00,available,available,available,available,derived
2091020,Blades of Fire,1245620,ELDEN RING,category_leader,Category scale reference; excluded from direct-peer price measures and product-equivalence claims.,steam-20261006T194553640385Z-e09f1dd7,steam-20261006T194553640385Z-e09f1dd7,Action / soulslike,early_lifecycle,back_catalogue,145,1685,different_lifecycle_unadjusted,17.49,49.99,50.0143,0.0,715,1157846,75.2448,93.0456,35,25087,2026-10-06T19:45:54.198644+00:00,2026-10-06T19:46:29.460982+00:00,2026-10-06T19:45:55.402831+00:00,2026-10-06T19:46:30.938596+00:00,2026-10-06T19:45:57.292766+00:00,2026-10-06T19:46:32.542430+00:00,available,available,available,available,derived
2091020,Blades of Fire,1501750,Lords of the Fallen,direct_peer,"Premium soulslike action reference; budget, lifecycle and audience differences remain interpretation limits.",steam-20261006T194553640385Z-e09f1dd7,steam-20261006T194553640385Z-e09f1dd7,Action / soulslike,early_lifecycle,established,145,1089,different_lifecycle_unadjusted,17.49,8.24,50.0143,67.0268,715,56644,75.2448,67.9772,35,1220,2026-10-06T19:45:54.198644+00:00,2026-10-06T19:46:33.854127+00:00,2026-10-06T19:45:55.402831+00:00,2026-10-06T19:46:35.002251+00:00,2026-10-06T19:45:57.292766+00:00,2026-10-06T19:46:36.906524+00:00,available,available,available,available,derived
2091020,Blades of Fire,1627720,Lies of P,direct_peer,"Premium soulslike action reference; budget, lifecycle and audience differences remain interpretation limits.",steam-20261006T194553640385Z-e09f1dd7,steam-20261006T194553640385Z-e09f1dd7,Action / soulslike,early_lifecycle,back_catalogue,145,1114,different_lifecycle_unadjusted,17.49,24.99,50.0143,50.01,715,83545,75.2448,91.6057,35,1980,2026-10-06T19:45:54.198644+00:00,2026-10-06T19:46:30.607966+00:00,2026-10-06T19:45:55.402831+00:00,2026-10-06T19:46:31.684372+00:00,2026-10-06T19:45:57.292766+00:00,2026-10-06T19:46:33.870963+00:00,available,available,available,available,derived
2144740,Ghostrunner 2,460950,Katana ZERO,adjacent_reference,Neon White is the movement/speed-action reference; other fast-action products differ in perspective or design and remain adjacent.,steam-20261006T194553640385Z-e09f1dd7,steam-20261006T194553640385Z-e09f1dd7,Cyber action,established,back_catalogue,1076,2728,different_lifecycle_unadjusted,6.99,7.67,80.0229,40.0313,11665,76274,79.9571,97.9062,50,111,2026-10-06T19:46:07.460533+00:00,2026-10-06T19:46:48.203973+00:00,2026-10-06T19:46:08.592522+00:00,2026-10-06T19:46:49.299777+00:00,2026-10-06T19:46:10.520837+00:00,2026-10-06T19:46:51.314863+00:00,available,available,available,available,derived
2144740,Ghostrunner 2,1164940,Trepang2,adjacent_reference,Neon White is the movement/speed-action reference; other fast-action products differ in perspective or design and remain adjacent.,steam-20261006T194553640385Z-e09f1dd7,steam-20261006T194553640385Z-e09f1dd7,Cyber action,established,back_catalogue,1076,1203,different_lifecycle_unadjusted,6.99,6.24,80.0229,75.03,11665,19777,79.9571,92.7036,50,177,2026-10-06T19:46:07.460533+00:00,2026-10-06T19:46:43.796909+00:00,2026-10-06T19:46:08.592522+00:00,2026-10-06T19:46:44.855890+00:00,2026-10-06T19:46:10.520837+00:00,2026-10-06T19:46:47.106301+00:00,available,available,available,available,derived
2144740,Ghostrunner 2,1533420,Neon White,direct_peer,Neon White is the movement/speed-action reference; other fast-action products differ in perspective or design and remain adjacent.,steam-20261006T194553640385Z-e09f1dd7,steam-20261006T194553640385Z-e09f1dd7,Cyber action,established,back_catalogue,1076,1573,different_lifecycle_unadjusted,6.99,7.99,80.0229,60.03,11665,20949,79.9571,97.8662,50,171,2026-10-06T19:46:07.460533+00:00,2026-10-06T19:46:47.194840+00:00,2026-10-06T19:46:08.592522+00:00,2026-10-06T19:46:48.253694+00:00,2026-10-06T19:46:10.520837+00:00,2026-10-06T19:46:50.169118+00:00,available,available,available,available,derived
2277560,WUCHANG: Fallen Feathers,1245620,ELDEN RING,category_leader,Category scale reference; excluded from direct-peer price measures and product-equivalence claims.,steam-20261006T194553640385Z-e09f1dd7,steam-20261006T194553640385Z-e09f1dd7,Action / soulslike,established,back_catalogue,440,1685,different_lifecycle_unadjusted,31.49,49.99,30.0067,0.0,106618,1157846,57.3327,93.0456,448,25087,2026-10-06T19:45:58.602126+00:00,2026-10-06T19:46:29.460982+00:00,2026-10-06T19:45:59.845049+00:00,2026-10-06T19:46:30.938596+00:00,2026-10-06T19:46:00.763748+00:00,2026-10-06T19:46:32.542430+00:00,available,available,available,available,derived
2277560,WUCHANG: Fallen Feathers,1501750,Lords of the Fallen,direct_peer,"Premium soulslike action reference; budget, lifecycle and audience differences remain interpretation limits.",steam-20261006T194553640385Z-e09f1dd7,steam-20261006T194553640385Z-e09f1dd7,Action / soulslike,established,established,440,1089,same_bucket_unadjusted,31.49,8.24,30.0067,67.0268,106618,56644,57.3327,67.9772,448,1220,2026-10-06T19:45:58.602126+00:00,2026-10-06T19:46:33.854127+00:00,2026-10-06T19:45:59.845049+00:00,2026-10-06T19:46:35.002251+00:00,2026-10-06T19:46:00.763748+00:00,2026-10-06T19:46:36.906524+00:00,available,available,available,available,derived
2277560,WUCHANG: Fallen Feathers,1627720,Lies of P,direct_peer,"Premium soulslike action reference; budget, lifecycle and audience differences remain interpretation limits.",steam-20261006T194553640385Z-e09f1dd7,steam-20261006T194553640385Z-e09f1dd7,Action / soulslike,established,back_catalogue,440,1114,different_lifecycle_unadjusted,31.49,24.99,30.0067,50.01,106618,83545,57.3327,91.6057,448,1980,2026-10-06T19:45:58.602126+00:00,2026-10-06T19:46:30.607966+00:00,2026-10-06T19:45:59.845049+00:00,2026-10-06T19:46:31.684372+00:00,2026-10-06T19:46:00.763748+00:00,2026-10-06T19:46:33.870963+00:00,available,available,available,available,derived
2277560,WUCHANG: Fallen Feathers,2358720,Black Myth: Wukong,adjacent_reference,Large recent action-RPG reference; excluded from direct-peer price measures.,steam-20261006T194553640385Z-e09f1dd7,steam-20261006T194553640385Z-e09f1dd7,Action / soulslike,established,established,440,778,same_bucket_unadjusted,31.49,49.99,30.0067,0.0,106618,1213346,57.3327,96.4814,448,4531,2026-10-06T19:45:58.602126+00:00,2026-10-06T19:46:34.948468+00:00,2026-10-06T19:45:59.845049+00:00,2026-10-06T19:46:36.353378+00:00,2026-10-06T19:46:00.763748+00:00,2026-10-06T19:46:38.065544+00:00,available,available,available,available,derived
2933080,Crime Boss: Rockay City,493520,GTFO,adjacent_reference,Heist comparison for PAYDAY 3; tactical/hardcore co-op references provide adjacent engagement context.,steam-20261006T194553640385Z-e09f1dd7,steam-20261006T194553640385Z-e09f1dd7,Heist / co-op FPS,established,back_catalogue,840,1762,different_lifecycle_unadjusted,1.59,9.44,90.0563,73.0209,10653,66953,68.3188,83.8558,169,680,2026-10-06T19:46:02.041020+00:00,2026-10-06T19:46:42.639935+00:00,2026-10-06T19:46:04.285762+00:00,2026-10-06T19:46:43.864501+00:00,2026-10-06T19:46:06.109698+00:00,2026-10-06T19:46:45.798618+00:00,available,available,available,available,derived
2933080,Crime Boss: Rockay City,1144200,Ready or Not,adjacent_reference,Heist comparison for PAYDAY 3; tactical/hardcore co-op references provide adjacent engagement context.,steam-20261006T194553640385Z-e09f1dd7,steam-20261006T194553640385Z-e09f1dd7,Heist / co-op FPS,established,established,840,1028,same_bucket_unadjusted,1.59,22.49,90.0563,50.0111,10653,348680,68.3188,78.9036,169,9478,2026-10-06T19:46:02.041020+00:00,2026-10-06T19:46:39.339288+00:00,2026-10-06T19:46:04.285762+00:00,2026-10-06T19:46:40.582224+00:00,2026-10-06T19:46:06.109698+00:00,2026-10-06T19:46:42.521441+00:00,available,available,available,available,derived
2933080,Crime Boss: Rockay City,1272080,PAYDAY 3,direct_peer,Heist comparison for PAYDAY 3; tactical/hardcore co-op references provide adjacent engagement context.,steam-20261006T194553640385Z-e09f1dd7,steam-20261006T194553640385Z-e09f1dd7,Heist / co-op FPS,established,back_catalogue,840,1111,different_lifecycle_unadjusted,1.59,23.99,90.0563,0.0,10653,66105,68.3188,46.3535,169,1287,2026-10-06T19:46:02.041020+00:00,2026-10-06T19:46:38.246235+00:00,2026-10-06T19:46:04.285762+00:00,2026-10-06T19:46:39.400168+00:00,2026-10-06T19:46:06.109698+00:00,2026-10-06T19:46:41.312943+00:00,available,available,available,available,derived
3058630,Assetto Corsa EVO,365960,rFactor 2,lifecycle_reference,Long-lived simulation catalogue reference; excluded from direct-peer price measures.,steam-20261006T194553640385Z-e09f1dd7,steam-20261006T194553640385Z-e09f1dd7,Racing simulation,early_access,back_catalogue,628,3981,different_lifecycle_unadjusted,26.39,3.74,20.0061,85.034,21521,9243,58.9471,78.5892,1267,376,2026-10-06T19:45:59.865690+00:00,2026-10-06T19:46:26.208945+00:00,2026-10-06T19:46:01.970158+00:00,2026-10-06T19:46:27.245524+00:00,2026-10-06T19:46:02.957975+00:00,2026-10-06T19:46:29.384892+00:00,available,available,available,available,derived
3058630,Assetto Corsa EVO,1066890,Automobilista 2,direct_peer,Premium racing comparison within the relevant rally or circuit-simulation segment; production scale and release age still require context.,steam-20261006T194553640385Z-e09f1dd7,steam-20261006T194553640385Z-e09f1dd7,Racing simulation,early_access,back_catalogue,628,2289,different_lifecycle_unadjusted,26.39,17.49,20.0061,50.0143,21521,16168,58.9471,91.7368,1267,1349,2026-10-06T19:45:59.865690+00:00,2026-10-06T19:46:21.120850+00:00,2026-10-06T19:46:01.970158+00:00,2026-10-06T19:46:21.855463+00:00,2026-10-06T19:46:02.957975+00:00,2026-10-06T19:46:23.755787+00:00,available,available,available,available,derived
3058630,Assetto Corsa EVO,1849250,EA SPORTS WRC,adjacent_reference,Related racing demand/price context across a different driving segment; excluded from direct-peer price measures.,steam-20261006T194553640385Z-e09f1dd7,steam-20261006T194553640385Z-e09f1dd7,Racing simulation,early_access,established,628,1069,different_lifecycle_unadjusted,26.39,19.99,20.0061,50.0125,21521,11440,58.9471,61.4073,1267,291,2026-10-06T19:45:59.865690+00:00,2026-10-06T19:46:25.206106+00:00,2026-10-06T19:46:01.970158+00:00,2026-10-06T19:46:26.297342+00:00,2026-10-06T19:46:02.957975+00:00,2026-10-06T19:46:28.167633+00:00,available,available,available,available,derived
3058630,Assetto Corsa EVO,2399420,Le Mans Ultimate,direct_peer,Premium racing comparison within the relevant rally or circuit-simulation segment; production scale and release age still require context.,steam-20261006T194553640385Z-e09f1dd7,steam-20261006T194553640385Z-e09f1dd7,Racing simulation,early_access,established,628,441,different_lifecycle_unadjusted,26.39,18.14,20.0061,45.0136,21521,20574,58.9471,78.7304,1267,6764,2026-10-06T19:45:59.865690+00:00,2026-10-06T19:46:21.837174+00:00,2026-10-06T19:46:01.970158+00:00,2026-10-06T19:46:22.767967+00:00,2026-10-06T19:46:02.957975+00:00,2026-10-06T19:46:25.001693+00:00,available,available,available,available,derived
3917090,Assetto Corsa Rally,365960,rFactor 2,lifecycle_reference,Long-lived simulation catalogue reference; excluded from direct-peer price measures.,steam-20261006T194553640385Z-e09f1dd7,steam-20261006T194553640385Z-e09f1dd7,Racing simulation,early_access,back_catalogue,327,3981,different_lifecycle_unadjusted,19.99,3.74,20.008,85.034,10903,9243,87.7281,78.5892,988,376,2026-10-06T19:45:55.353214+00:00,2026-10-06T19:46:26.208945+00:00,2026-10-06T19:45:56.444379+00:00,2026-10-06T19:46:27.245524+00:00,2026-10-06T19:45:58.495314+00:00,2026-10-06T19:46:29.384892+00:00,available,available,available,available,derived
3917090,Assetto Corsa Rally,1066890,Automobilista 2,adjacent_reference,Related racing demand/price context across a different driving segment; excluded from direct-peer price measures.,steam-20261006T194553640385Z-e09f1dd7,steam-20261006T194553640385Z-e09f1dd7,Racing simulation,early_access,back_catalogue,327,2289,different_lifecycle_unadjusted,19.99,17.49,20.008,50.0143,10903,16168,87.7281,91.7368,988,1349,2026-10-06T19:45:55.353214+00:00,2026-10-06T19:46:21.120850+00:00,2026-10-06T19:45:56.444379+00:00,2026-10-06T19:46:21.855463+00:00,2026-10-06T19:45:58.495314+00:00,2026-10-06T19:46:23.755787+00:00,available,available,available,available,derived
3917090,Assetto Corsa Rally,1849250,EA SPORTS WRC,direct_peer,Premium racing comparison within the relevant rally or circuit-simulation segment; production scale and release age still require context.,steam-20261006T194553640385Z-e09f1dd7,steam-20261006T194553640385Z-e09f1dd7,Racing simulation,early_access,established,327,1069,different_lifecycle_unadjusted,19.99,19.99,20.008,50.0125,10903,11440,87.7281,61.4073,988,291,2026-10-06T19:45:55.353214+00:00,2026-10-06T19:46:25.206106+00:00,2026-10-06T19:45:56.444379+00:00,2026-10-06T19:46:26.297342+00:00,2026-10-06T19:45:58.495314+00:00,2026-10-06T19:46:28.167633+00:00,available,available,available,available,derived
3917090,Assetto Corsa Rally,2399420,Le Mans Ultimate,adjacent_reference,Related racing demand/price context across a different driving segment; excluded from direct-peer price measures.,steam-20261006T194553640385Z-e09f1dd7,steam-20261006T194553640385Z-e09f1dd7,Racing simulation,early_access,established,327,441,different_lifecycle_unadjusted,19.99,18.14,20.008,45.0136,10903,20574,87.7281,78.7304,988,6764,2026-10-06T19:45:55.353214+00:00,2026-10-06T19:46:21.837174+00:00,2026-10-06T19:45:56.444379+00:00,2026-10-06T19:46:22.767967+00:00,2026-10-06T19:45:58.495314+00:00,2026-10-06T19:46:25.001693+00:00,available,available,available,available,derived
