app_id,title,target_maximum_source_reported_cut_percent,target_minimum_recorded_price_gbp,expected_direct_reference_count,usable_direct_reference_count,minimum_direct_reference_count,direct_reference_median_maximum_recorded_cut_percent,target_minus_reference_median_cut_pp,comparison_status,comparability_limit,evidence_basis,response_change_percent,response_status,causal_uplift_status
244210,Assetto Corsa,75.0,3.87,2,2,3,,,unavailable_insufficient_usable_direct_context,returned_states_are_not_complete_period_extrema_or_same_date_price_rankings; lifecycle_and_sku_unadjusted,current_ITAD_game_container_Steam_shop_history_historical_app_association_unverified,,unavailable_no_comparable_historical_response_series,not_identified
805550,Assetto Corsa Competizione,75.0,8.74,2,2,3,,,unavailable_insufficient_usable_direct_context,returned_states_are_not_complete_period_extrema_or_same_date_price_rankings; lifecycle_and_sku_unadjusted,current_ITAD_game_container_Steam_shop_history_historical_app_association_unverified,,unavailable_no_comparable_historical_response_series,not_identified
1139900,Ghostrunner,75.0,6.24,1,1,3,,,unavailable_insufficient_usable_direct_context,returned_states_are_not_complete_period_extrema_or_same_date_price_rankings; lifecycle_and_sku_unadjusted,current_ITAD_game_container_Steam_shop_history_historical_app_association_unverified,,unavailable_no_comparable_historical_response_series,not_identified
1649010,Miasma Chronicles,70.0,8.99,1,1,3,,,unavailable_insufficient_usable_direct_context,returned_states_are_not_complete_period_extrema_or_same_date_price_rankings; lifecycle_and_sku_unadjusted,current_ITAD_game_container_Steam_shop_history_historical_app_association_unverified,,unavailable_no_comparable_historical_response_series,not_identified
1658280,Eiyuden Chronicle: Hundred Heroes,70.0,13.49,3,3,3,60.0,10.0,available_coverage_restricted_recorded_cut_context,returned_states_are_not_complete_period_extrema_or_same_date_price_rankings; lifecycle_and_sku_unadjusted,current_ITAD_game_container_Steam_shop_history_historical_app_association_unverified,,unavailable_no_comparable_historical_response_series,not_identified
1850570,DEATH STRANDING DIRECTOR'S CUT,75.0,8.74,0,0,3,,,unavailable_insufficient_usable_direct_context,returned_states_are_not_complete_period_extrema_or_same_date_price_rankings; lifecycle_and_sku_unadjusted,current_ITAD_game_container_Steam_shop_history_historical_app_association_unverified,,unavailable_no_comparable_historical_response_series,not_identified
2091020,Blades of Fire,50.0,17.49,2,2,3,,,unavailable_insufficient_usable_direct_context,returned_states_are_not_complete_period_extrema_or_same_date_price_rankings; lifecycle_and_sku_unadjusted,current_ITAD_game_container_Steam_shop_history_historical_app_association_unverified,,unavailable_no_comparable_historical_response_series,not_identified
2144740,Ghostrunner 2,80.0,6.99,1,1,3,,,unavailable_insufficient_usable_direct_context,returned_states_are_not_complete_period_extrema_or_same_date_price_rankings; lifecycle_and_sku_unadjusted,current_ITAD_game_container_Steam_shop_history_historical_app_association_unverified,,unavailable_no_comparable_historical_response_series,not_identified
2277560,WUCHANG: Fallen Feathers,30.0,31.49,2,2,3,,,unavailable_insufficient_usable_direct_context,returned_states_are_not_complete_period_extrema_or_same_date_price_rankings; lifecycle_and_sku_unadjusted,current_ITAD_game_container_Steam_shop_history_historical_app_association_unverified,,unavailable_no_comparable_historical_response_series,not_identified
2933080,Crime Boss: Rockay City,90.0,1.59,1,0,3,,,unavailable_insufficient_usable_direct_context,returned_states_are_not_complete_period_extrema_or_same_date_price_rankings; lifecycle_and_sku_unadjusted,current_ITAD_game_container_Steam_shop_history_historical_app_association_unverified,,unavailable_no_comparable_historical_response_series,not_identified
3058630,Assetto Corsa EVO,20.0,26.39,2,2,3,,,unavailable_insufficient_usable_direct_context,returned_states_are_not_complete_period_extrema_or_same_date_price_rankings; lifecycle_and_sku_unadjusted,current_ITAD_game_container_Steam_shop_history_historical_app_association_unverified,,unavailable_no_comparable_historical_response_series,not_identified
3917090,Assetto Corsa Rally,20.0,19.99,1,0,3,,,unavailable_insufficient_usable_direct_context,returned_states_are_not_complete_period_extrema_or_same_date_price_rankings; lifecycle_and_sku_unadjusted,current_ITAD_game_container_Steam_shop_history_historical_app_association_unverified,,unavailable_no_comparable_historical_response_series,not_identified
