portfolio_app_id,portfolio_title,reference_app_id,reference_title,peer_role,reference_suitability,reference_maximum_source_reported_cut_percent,reference_returned_record_count,scope
244210,Assetto Corsa,365960,rFactor 2,direct_peer,corroborated_latest_price_context_only,85.0,1,bounded_recorded_container_price_context_only
244210,Assetto Corsa,1066890,Automobilista 2,direct_peer,corroborated_latest_price_context_only,50.0,1,bounded_recorded_container_price_context_only
244210,Assetto Corsa,1849250,EA SPORTS WRC,adjacent_reference,requires_review_zero_zero_price_context,,1,bounded_recorded_container_price_context_only
244210,Assetto Corsa,2399420,Le Mans Ultimate,adjacent_reference,corroborated_latest_price_context_only,45.0,2,bounded_recorded_container_price_context_only
805550,Assetto Corsa Competizione,365960,rFactor 2,lifecycle_reference,corroborated_latest_price_context_only,85.0,1,bounded_recorded_container_price_context_only
805550,Assetto Corsa Competizione,1066890,Automobilista 2,direct_peer,corroborated_latest_price_context_only,50.0,1,bounded_recorded_container_price_context_only
805550,Assetto Corsa Competizione,1849250,EA SPORTS WRC,adjacent_reference,requires_review_zero_zero_price_context,,1,bounded_recorded_container_price_context_only
805550,Assetto Corsa Competizione,2399420,Le Mans Ultimate,direct_peer,corroborated_latest_price_context_only,45.0,2,bounded_recorded_container_price_context_only
1139900,Ghostrunner,460950,Katana ZERO,adjacent_reference,corroborated_latest_price_context_only,40.0,1,bounded_recorded_container_price_context_only
1139900,Ghostrunner,1164940,Trepang2,adjacent_reference,corroborated_latest_price_context_only,75.0,1,bounded_recorded_container_price_context_only
1139900,Ghostrunner,1533420,Neon White,direct_peer,corroborated_latest_price_context_only,60.0,1,bounded_recorded_container_price_context_only
1649010,Miasma Chronicles,1084160,Jagged Alliance 3,direct_peer,corroborated_latest_price_context_only,90.0,1,bounded_recorded_container_price_context_only
1658280,Eiyuden Chronicle: Hundred Heroes,1229240,Chained Echoes,direct_peer,corroborated_latest_price_context_only,65.0,2,bounded_recorded_container_price_context_only
1658280,Eiyuden Chronicle: Hundred Heroes,1244090,Sea of Stars,direct_peer,corroborated_latest_price_context_only,50.0,2,bounded_recorded_container_price_context_only
1658280,Eiyuden Chronicle: Hundred Heroes,1971650,OCTOPATH TRAVELER II,direct_peer,corroborated_latest_price_context_only,60.0,1,bounded_recorded_container_price_context_only
1850570,DEATH STRANDING DIRECTOR'S CUT,1182900,A Plague Tale: Requiem,adjacent_reference,corroborated_latest_price_context_only,70.0,1,bounded_recorded_container_price_context_only
1850570,DEATH STRANDING DIRECTOR'S CUT,1259420,Days Gone,adjacent_reference,corroborated_latest_price_context_only,60.0,1,bounded_recorded_container_price_context_only
2091020,Blades of Fire,1245620,ELDEN RING,category_leader,unavailable_no_in_window_records,,0,bounded_recorded_container_price_context_only
2091020,Blades of Fire,1501750,Lords of the Fallen,direct_peer,corroborated_latest_price_context_only,67.0,1,bounded_recorded_container_price_context_only
2091020,Blades of Fire,1627720,Lies of P,direct_peer,corroborated_latest_price_context_only,50.0,2,bounded_recorded_container_price_context_only
2144740,Ghostrunner 2,460950,Katana ZERO,adjacent_reference,corroborated_latest_price_context_only,40.0,1,bounded_recorded_container_price_context_only
2144740,Ghostrunner 2,1164940,Trepang2,adjacent_reference,corroborated_latest_price_context_only,75.0,1,bounded_recorded_container_price_context_only
2144740,Ghostrunner 2,1533420,Neon White,direct_peer,corroborated_latest_price_context_only,60.0,1,bounded_recorded_container_price_context_only
2277560,WUCHANG: Fallen Feathers,1245620,ELDEN RING,category_leader,unavailable_no_in_window_records,,0,bounded_recorded_container_price_context_only
2277560,WUCHANG: Fallen Feathers,1501750,Lords of the Fallen,direct_peer,corroborated_latest_price_context_only,67.0,1,bounded_recorded_container_price_context_only
2277560,WUCHANG: Fallen Feathers,1627720,Lies of P,direct_peer,corroborated_latest_price_context_only,50.0,2,bounded_recorded_container_price_context_only
2277560,WUCHANG: Fallen Feathers,2358720,Black Myth: Wukong,adjacent_reference,unavailable_no_in_window_records,,0,bounded_recorded_container_price_context_only
2933080,Crime Boss: Rockay City,493520,GTFO,adjacent_reference,corroborated_latest_price_context_only,73.0,2,bounded_recorded_container_price_context_only
2933080,Crime Boss: Rockay City,1144200,Ready or Not,adjacent_reference,excluded_current_mapping_unresolved,,,bounded_recorded_container_price_context_only
2933080,Crime Boss: Rockay City,1272080,PAYDAY 3,direct_peer,unavailable_no_in_window_records,,0,bounded_recorded_container_price_context_only
3058630,Assetto Corsa EVO,365960,rFactor 2,lifecycle_reference,corroborated_latest_price_context_only,85.0,1,bounded_recorded_container_price_context_only
3058630,Assetto Corsa EVO,1066890,Automobilista 2,direct_peer,corroborated_latest_price_context_only,50.0,1,bounded_recorded_container_price_context_only
3058630,Assetto Corsa EVO,1849250,EA SPORTS WRC,adjacent_reference,requires_review_zero_zero_price_context,,1,bounded_recorded_container_price_context_only
3058630,Assetto Corsa EVO,2399420,Le Mans Ultimate,direct_peer,corroborated_latest_price_context_only,45.0,2,bounded_recorded_container_price_context_only
3917090,Assetto Corsa Rally,365960,rFactor 2,lifecycle_reference,corroborated_latest_price_context_only,85.0,1,bounded_recorded_container_price_context_only
3917090,Assetto Corsa Rally,1066890,Automobilista 2,adjacent_reference,corroborated_latest_price_context_only,50.0,1,bounded_recorded_container_price_context_only
3917090,Assetto Corsa Rally,1849250,EA SPORTS WRC,direct_peer,requires_review_zero_zero_price_context,,1,bounded_recorded_container_price_context_only
3917090,Assetto Corsa Rally,2399420,Le Mans Ultimate,adjacent_reference,corroborated_latest_price_context_only,45.0,2,bounded_recorded_container_price_context_only
