app_id,title,cohort,itad_game_id,evidence_basis,suitability_status,history_status,returned_record_count,source_latest_record_at_utc,source_latest_price_minor,source_latest_regular_minor,accepted_steam_price_minor,accepted_steam_regular_minor,accepted_steam_retrieved_at_utc,minimum_recorded_price_gbp,maximum_recorded_price_gbp,maximum_source_reported_cut_percent,historical_sku_identity,window_coverage,response_change_percent,response_status
244210,Assetto Corsa,portfolio,018d937f-0192-714b-abce-17e006566a8d,current_ITAD_game_container_Steam_shop_history_historical_app_association_unverified,corroborated_latest_price_context_only,returned_events,2,2026-10-01T20:11:01.000000+00:00,387,1549,387,1549,2026-10-06T19:46:17.380254+00:00,3.87,15.49,75.0,not_independently_verified,returned_records_only_left_state_unknown,,unavailable_no_comparable_historical_response_series
365960,rFactor 2,competitor,018d937f-0c9a-73cc-8594-0121e990f137,current_ITAD_game_container_Steam_shop_history_historical_app_association_unverified,corroborated_latest_price_context_only,returned_events,1,2026-10-01T17:25:01.000000+00:00,374,2499,374,2499,2026-10-06T19:46:26.208945+00:00,3.74,3.74,85.0,not_independently_verified,returned_records_only_left_state_unknown,,unavailable_no_comparable_historical_response_series
460950,Katana ZERO,competitor,018d937f-138d-724f-82bb-f180b2ea819a,current_ITAD_game_container_Steam_shop_history_historical_app_association_unverified,corroborated_latest_price_context_only,returned_events,1,2026-10-01T18:23:41.000000+00:00,767,1279,767,1279,2026-10-06T19:46:48.203973+00:00,7.67,7.67,40.0,not_independently_verified,returned_records_only_left_state_unknown,,unavailable_no_comparable_historical_response_series
493520,GTFO,competitor,018d937f-35f0-737f-b2ce-be4dedf644e4,current_ITAD_game_container_Steam_shop_history_historical_app_association_unverified,corroborated_latest_price_context_only,returned_events,2,2026-10-01T19:42:48.000000+00:00,944,3499,944,3499,2026-10-06T19:46:42.639935+00:00,9.44,34.99,73.0,not_independently_verified,returned_records_only_left_state_unknown,,unavailable_no_comparable_historical_response_series
805550,Assetto Corsa Competizione,portfolio,018d937f-3592-70a1-8934-a495c90387a4,current_ITAD_game_container_Steam_shop_history_historical_app_association_unverified,corroborated_latest_price_context_only,returned_events,2,2026-10-01T20:11:22.000000+00:00,874,3499,874,3499,2026-10-06T19:46:16.258275+00:00,8.74,34.99,75.0,not_independently_verified,returned_records_only_left_state_unknown,,unavailable_no_comparable_historical_response_series
1066890,Automobilista 2,competitor,018d937f-2042-702b-9b2e-0aa16eedc055,current_ITAD_game_container_Steam_shop_history_historical_app_association_unverified,corroborated_latest_price_context_only,returned_events,1,2026-10-01T18:14:35.000000+00:00,1749,3499,1749,3499,2026-10-06T19:46:21.120850+00:00,17.49,17.49,50.0,not_independently_verified,returned_records_only_left_state_unknown,,unavailable_no_comparable_historical_response_series
1084160,Jagged Alliance 3,competitor,018d937f-66b1-7299-876a-0a45a35d7b8a,current_ITAD_game_container_Steam_shop_history_historical_app_association_unverified,corroborated_latest_price_context_only,returned_events,1,2026-09-24T17:20:51.000000+00:00,399,3999,399,3999,2026-10-06T19:46:57.021658+00:00,3.99,3.99,90.0,not_independently_verified,returned_records_only_left_state_unknown,,unavailable_no_comparable_historical_response_series
1139900,Ghostrunner,portfolio,018d937f-09d2-716c-8840-0fb4fde1cfaf,current_ITAD_game_container_Steam_shop_history_historical_app_association_unverified,corroborated_latest_price_context_only,returned_events,2,2026-10-01T20:11:30.000000+00:00,624,2499,624,2499,2026-10-06T19:46:12.964268+00:00,6.24,24.99,75.0,not_independently_verified,returned_records_only_left_state_unknown,,unavailable_no_comparable_historical_response_series
1144200,Ready or Not,competitor,018d937e-f519-71e5-b1d0-b00cbb24c647,current_ITAD_game_container_Steam_shop_history_historical_app_association_unverified,excluded_current_mapping_unresolved,not_requested_mapping_unresolved,,,,,2249,4499,2026-10-06T19:46:39.339288+00:00,,,,not_independently_verified,not_requested_mapping_unresolved,,unavailable_no_comparable_historical_response_series
1164940,Trepang2,competitor,018d937f-39a4-73cf-aae1-5556a2854277,current_ITAD_game_container_Steam_shop_history_historical_app_association_unverified,corroborated_latest_price_context_only,returned_events,1,2026-10-01T20:11:30.000000+00:00,624,2499,624,2499,2026-10-06T19:46:43.796909+00:00,6.24,6.24,75.0,not_independently_verified,returned_records_only_left_state_unknown,,unavailable_no_comparable_historical_response_series
1182900,A Plague Tale: Requiem,competitor,018d937f-51d0-71f8-bae2-7721981a7eb0,current_ITAD_game_container_Steam_shop_history_historical_app_association_unverified,corroborated_latest_price_context_only,returned_events,1,2026-10-01T19:35:35.000000+00:00,1349,4499,1349,4499,2026-10-06T19:47:00.298362+00:00,13.49,13.49,70.0,not_independently_verified,returned_records_only_left_state_unknown,,unavailable_no_comparable_historical_response_series
1229240,Chained Echoes,competitor,018d937f-3e00-70a8-8b99-a6e8bc510601,current_ITAD_game_container_Steam_shop_history_historical_app_association_unverified,corroborated_latest_price_context_only,returned_events,2,2026-10-01T19:55:10.000000+00:00,874,2499,874,2499,2026-10-06T19:46:55.926396+00:00,8.74,24.99,65.0,not_independently_verified,returned_records_only_left_state_unknown,,unavailable_no_comparable_historical_response_series
1244090,Sea of Stars,competitor,018d937f-3fe7-7289-9ef9-8e54432b8fab,current_ITAD_game_container_Steam_shop_history_historical_app_association_unverified,corroborated_latest_price_context_only,returned_events,2,2026-10-01T19:54:27.000000+00:00,1475,2950,1475,2950,2026-10-06T19:46:52.605378+00:00,14.75,29.5,50.0,not_independently_verified,returned_records_only_left_state_unknown,,unavailable_no_comparable_historical_response_series
1245620,ELDEN RING,competitor,018d937f-590c-728b-ac35-38bcff85f086,current_ITAD_game_container_Steam_shop_history_historical_app_association_unverified,unavailable_no_in_window_records,no_returned_events,0,,,,4999,4999,2026-10-06T19:46:29.460982+00:00,,,,not_independently_verified,no_in_window_records_returned,,unavailable_no_comparable_historical_response_series
1259420,Days Gone,competitor,018d937f-4ca6-7067-aee5-c1ed89a268f4,current_ITAD_game_container_Steam_shop_history_historical_app_association_unverified,corroborated_latest_price_context_only,returned_events,1,2026-10-01T17:35:03.000000+00:00,1399,3499,1399,3499,2026-10-06T19:47:01.357693+00:00,13.99,13.99,60.0,not_independently_verified,returned_records_only_left_state_unknown,,unavailable_no_comparable_historical_response_series
1272080,PAYDAY 3,competitor,018d937f-6b7f-71f5-b1f1-e7cc63ff57e4,current_ITAD_game_container_Steam_shop_history_historical_app_association_unverified,unavailable_no_in_window_records,no_returned_events,0,,,,2399,2399,2026-10-06T19:46:38.246235+00:00,,,,not_independently_verified,no_in_window_records_returned,,unavailable_no_comparable_historical_response_series
1501750,Lords of the Fallen,competitor,018d937f-18f6-727f-b84d-7870e7ccc341,current_ITAD_game_container_Steam_shop_history_historical_app_association_unverified,corroborated_latest_price_context_only,returned_events,1,2026-09-24T17:20:58.000000+00:00,824,2499,824,2499,2026-10-06T19:46:33.854127+00:00,8.24,8.24,67.0,not_independently_verified,returned_records_only_left_state_unknown,,unavailable_no_comparable_historical_response_series
1533420,Neon White,competitor,018d937f-4c8c-713d-9e81-deafc79cc4ac,current_ITAD_game_container_Steam_shop_history_historical_app_association_unverified,corroborated_latest_price_context_only,returned_events,1,2026-10-01T19:04:39.000000+00:00,799,1999,799,1999,2026-10-06T19:46:47.194840+00:00,7.99,7.99,60.0,not_independently_verified,returned_records_only_left_state_unknown,,unavailable_no_comparable_historical_response_series
1627720,Lies of P,competitor,018d937f-506e-72eb-975a-1a5175b622de,current_ITAD_game_container_Steam_shop_history_historical_app_association_unverified,corroborated_latest_price_context_only,returned_events,2,2026-10-01T19:54:30.000000+00:00,2499,4999,2499,4999,2026-10-06T19:46:30.607966+00:00,24.99,49.99,50.0,not_independently_verified,returned_records_only_left_state_unknown,,unavailable_no_comparable_historical_response_series
1649010,Miasma Chronicles,portfolio,018d937f-64cb-70c0-af59-7ab80e93fede,current_ITAD_game_container_Steam_shop_history_historical_app_association_unverified,corroborated_latest_price_context_only,returned_events,2,2026-10-01T20:11:40.000000+00:00,899,2999,899,2999,2026-10-06T19:46:08.541470+00:00,8.99,29.99,70.0,not_independently_verified,returned_records_only_left_state_unknown,,unavailable_no_comparable_historical_response_series
1658280,Eiyuden Chronicle: Hundred Heroes,portfolio,018d937f-51cf-71a2-8359-bde441247ae1,current_ITAD_game_container_Steam_shop_history_historical_app_association_unverified,corroborated_latest_price_context_only,returned_events,2,2026-10-01T20:11:39.000000+00:00,1349,4499,1349,4499,2026-10-06T19:46:04.258295+00:00,13.49,44.99,70.0,not_independently_verified,returned_records_only_left_state_unknown,,unavailable_no_comparable_historical_response_series
1849250,EA SPORTS WRC,competitor,018d937f-74da-72f8-9c25-bfe912203123,current_ITAD_game_container_Steam_shop_history_historical_app_association_unverified,requires_review_zero_zero_price_context,returned_events,1,2026-09-28T17:20:19.000000+00:00,0,0,1999,3999,2026-10-06T19:46:25.206106+00:00,,,,not_independently_verified,returned_records_only_left_state_unknown,,unavailable_no_comparable_historical_response_series
1850570,DEATH STRANDING DIRECTOR'S CUT,portfolio,018d937f-5c96-7241-a70f-e8de1c1e0609,current_ITAD_game_container_Steam_shop_history_historical_app_association_unverified,corroborated_latest_price_context_only,returned_events,2,2026-10-01T20:11:26.000000+00:00,874,3499,874,3499,2026-10-06T19:46:11.910344+00:00,8.74,34.99,75.0,not_independently_verified,returned_records_only_left_state_unknown,,unavailable_no_comparable_historical_response_series
1971650,OCTOPATH TRAVELER II,competitor,018d937f-64ac-7047-aed9-f1a7e64996d5,current_ITAD_game_container_Steam_shop_history_historical_app_association_unverified,corroborated_latest_price_context_only,returned_events,1,2026-09-18T17:21:51.000000+00:00,1999,4999,1999,4999,2026-10-06T19:46:51.561894+00:00,19.99,19.99,60.0,not_independently_verified,returned_records_only_left_state_unknown,,unavailable_no_comparable_historical_response_series
2091020,Blades of Fire,portfolio,019548b0-f863-724b-b2d6-74d503b7c57c,current_ITAD_game_container_Steam_shop_history_historical_app_association_unverified,corroborated_latest_price_context_only,returned_events,2,2026-10-01T20:11:36.000000+00:00,1749,3499,1749,3499,2026-10-06T19:45:54.198644+00:00,17.49,34.99,50.0,not_independently_verified,returned_records_only_left_state_unknown,,unavailable_no_comparable_historical_response_series
2144740,Ghostrunner 2,portfolio,018d937f-6ee2-70f6-940c-6212ad72feed,current_ITAD_game_container_Steam_shop_history_historical_app_association_unverified,corroborated_latest_price_context_only,returned_events,2,2026-10-01T20:11:26.000000+00:00,699,3499,699,3499,2026-10-06T19:46:07.460533+00:00,6.99,34.99,80.0,not_independently_verified,returned_records_only_left_state_unknown,,unavailable_no_comparable_historical_response_series
2277560,WUCHANG: Fallen Feathers,portfolio,018ffe84-b793-726b-b5ec-89bae1b0a5a5,current_ITAD_game_container_Steam_shop_history_historical_app_association_unverified,corroborated_latest_price_context_only,returned_events,2,2026-10-01T20:11:40.000000+00:00,3149,4499,3149,4499,2026-10-06T19:45:58.602126+00:00,31.49,44.99,30.0,not_independently_verified,returned_records_only_left_state_unknown,,unavailable_no_comparable_historical_response_series
2358720,Black Myth: Wukong,competitor,018d937f-7456-7396-b192-9e1866e209bb,current_ITAD_game_container_Steam_shop_history_historical_app_association_unverified,unavailable_no_in_window_records,no_returned_events,0,,,,4999,4999,2026-10-06T19:46:34.948468+00:00,,,,not_independently_verified,no_in_window_records_returned,,unavailable_no_comparable_historical_response_series
2399420,Le Mans Ultimate,competitor,018d937f-6fcf-72c1-9e8c-98fe1d413248,current_ITAD_game_container_Steam_shop_history_historical_app_association_unverified,corroborated_latest_price_context_only,returned_events,2,2026-10-01T20:21:15.000000+00:00,1814,3299,1814,3299,2026-10-06T19:46:21.837174+00:00,18.14,32.99,45.0,not_independently_verified,returned_records_only_left_state_unknown,,unavailable_no_comparable_historical_response_series
2933080,Crime Boss: Rockay City,portfolio,018d937f-6b77-722b-8602-205dfaea0551,current_ITAD_game_container_Steam_shop_history_historical_app_association_unverified,corroborated_latest_price_context_only,returned_events,2,2026-10-01T20:11:17.000000+00:00,159,1599,159,1599,2026-10-06T19:46:02.041020+00:00,1.59,15.99,90.0,not_independently_verified,returned_records_only_left_state_unknown,,unavailable_no_comparable_historical_response_series
3058630,Assetto Corsa EVO,portfolio,019059c8-7182-70d7-9c18-fbf918a46a72,current_ITAD_game_container_Steam_shop_history_historical_app_association_unverified,corroborated_latest_price_context_only,returned_events,2,2026-10-01T20:11:11.000000+00:00,2639,3299,2639,3299,2026-10-06T19:45:59.865690+00:00,26.39,32.99,20.0,not_independently_verified,returned_records_only_left_state_unknown,,unavailable_no_comparable_historical_response_series
3917090,Assetto Corsa Rally,portfolio,0199f12f-47b6-73c2-92fc-1c6e5e7ce03b,current_ITAD_game_container_Steam_shop_history_historical_app_association_unverified,corroborated_latest_price_context_only,returned_events,2,2026-10-01T20:03:51.000000+00:00,1999,2499,1999,2499,2026-10-06T19:45:55.353214+00:00,19.99,24.99,20.0,not_independently_verified,returned_records_only_left_state_unknown,,unavailable_no_comparable_historical_response_series
