date_key,calendar_year,calendar_month,calendar_day,iso_year,iso_week,iso_weekday,week_start_date
2026-01-01,2026,1,1,2026,1,4,2025-12-29
2026-01-02,2026,1,2,2026,1,5,2025-12-29
2026-01-03,2026,1,3,2026,1,6,2025-12-29
2026-01-04,2026,1,4,2026,1,7,2025-12-29
2026-01-05,2026,1,5,2026,2,1,2026-01-05
2026-01-06,2026,1,6,2026,2,2,2026-01-05
2026-01-07,2026,1,7,2026,2,3,2026-01-05
2026-01-08,2026,1,8,2026,2,4,2026-01-05
2026-01-09,2026,1,9,2026,2,5,2026-01-05
2026-01-10,2026,1,10,2026,2,6,2026-01-05
2026-01-11,2026,1,11,2026,2,7,2026-01-05
2026-01-12,2026,1,12,2026,3,1,2026-01-12
2026-01-13,2026,1,13,2026,3,2,2026-01-12
2026-01-14,2026,1,14,2026,3,3,2026-01-12
2026-01-15,2026,1,15,2026,3,4,2026-01-12
2026-01-16,2026,1,16,2026,3,5,2026-01-12
2026-01-17,2026,1,17,2026,3,6,2026-01-12
2026-01-18,2026,1,18,2026,3,7,2026-01-12
2026-01-19,2026,1,19,2026,4,1,2026-01-19
2026-01-20,2026,1,20,2026,4,2,2026-01-19
2026-01-21,2026,1,21,2026,4,3,2026-01-19
2026-01-22,2026,1,22,2026,4,4,2026-01-19
2026-01-23,2026,1,23,2026,4,5,2026-01-19
2026-01-24,2026,1,24,2026,4,6,2026-01-19
2026-01-25,2026,1,25,2026,4,7,2026-01-19
2026-01-26,2026,1,26,2026,5,1,2026-01-26
2026-01-27,2026,1,27,2026,5,2,2026-01-26
2026-01-28,2026,1,28,2026,5,3,2026-01-26
2026-01-29,2026,1,29,2026,5,4,2026-01-26
2026-01-30,2026,1,30,2026,5,5,2026-01-26
2026-01-31,2026,1,31,2026,5,6,2026-01-26
2026-02-01,2026,2,1,2026,5,7,2026-01-26
2026-02-02,2026,2,2,2026,6,1,2026-02-02
2026-02-03,2026,2,3,2026,6,2,2026-02-02
2026-02-04,2026,2,4,2026,6,3,2026-02-02
2026-02-05,2026,2,5,2026,6,4,2026-02-02
2026-02-06,2026,2,6,2026,6,5,2026-02-02
2026-02-07,2026,2,7,2026,6,6,2026-02-02
2026-02-08,2026,2,8,2026,6,7,2026-02-02
2026-02-09,2026,2,9,2026,7,1,2026-02-09
2026-02-10,2026,2,10,2026,7,2,2026-02-09
2026-02-11,2026,2,11,2026,7,3,2026-02-09
2026-02-12,2026,2,12,2026,7,4,2026-02-09
2026-02-13,2026,2,13,2026,7,5,2026-02-09
2026-02-14,2026,2,14,2026,7,6,2026-02-09
2026-02-15,2026,2,15,2026,7,7,2026-02-09
2026-02-16,2026,2,16,2026,8,1,2026-02-16
2026-02-17,2026,2,17,2026,8,2,2026-02-16
2026-02-18,2026,2,18,2026,8,3,2026-02-16
2026-02-19,2026,2,19,2026,8,4,2026-02-16
2026-02-20,2026,2,20,2026,8,5,2026-02-16
2026-02-21,2026,2,21,2026,8,6,2026-02-16
2026-02-22,2026,2,22,2026,8,7,2026-02-16
2026-02-23,2026,2,23,2026,9,1,2026-02-23
2026-02-24,2026,2,24,2026,9,2,2026-02-23
2026-02-25,2026,2,25,2026,9,3,2026-02-23
2026-02-26,2026,2,26,2026,9,4,2026-02-23
2026-02-27,2026,2,27,2026,9,5,2026-02-23
2026-02-28,2026,2,28,2026,9,6,2026-02-23
2026-03-01,2026,3,1,2026,9,7,2026-02-23
2026-03-02,2026,3,2,2026,10,1,2026-03-02
2026-03-03,2026,3,3,2026,10,2,2026-03-02
2026-03-04,2026,3,4,2026,10,3,2026-03-02
2026-03-05,2026,3,5,2026,10,4,2026-03-02
2026-03-06,2026,3,6,2026,10,5,2026-03-02
2026-03-07,2026,3,7,2026,10,6,2026-03-02
2026-03-08,2026,3,8,2026,10,7,2026-03-02
2026-03-09,2026,3,9,2026,11,1,2026-03-09
2026-03-10,2026,3,10,2026,11,2,2026-03-09
2026-03-11,2026,3,11,2026,11,3,2026-03-09
2026-03-12,2026,3,12,2026,11,4,2026-03-09
2026-03-13,2026,3,13,2026,11,5,2026-03-09
2026-03-14,2026,3,14,2026,11,6,2026-03-09
2026-03-15,2026,3,15,2026,11,7,2026-03-09
2026-03-16,2026,3,16,2026,12,1,2026-03-16
2026-03-17,2026,3,17,2026,12,2,2026-03-16
2026-03-18,2026,3,18,2026,12,3,2026-03-16
2026-03-19,2026,3,19,2026,12,4,2026-03-16
2026-03-20,2026,3,20,2026,12,5,2026-03-16
2026-03-21,2026,3,21,2026,12,6,2026-03-16
2026-03-22,2026,3,22,2026,12,7,2026-03-16
2026-03-23,2026,3,23,2026,13,1,2026-03-23
2026-03-24,2026,3,24,2026,13,2,2026-03-23
2026-03-25,2026,3,25,2026,13,3,2026-03-23
2026-03-26,2026,3,26,2026,13,4,2026-03-23
2026-03-27,2026,3,27,2026,13,5,2026-03-23
2026-03-28,2026,3,28,2026,13,6,2026-03-23
2026-03-29,2026,3,29,2026,13,7,2026-03-23
2026-03-30,2026,3,30,2026,14,1,2026-03-30
2026-03-31,2026,3,31,2026,14,2,2026-03-30
2026-04-01,2026,4,1,2026,14,3,2026-03-30
2026-04-02,2026,4,2,2026,14,4,2026-03-30
2026-04-03,2026,4,3,2026,14,5,2026-03-30
2026-04-04,2026,4,4,2026,14,6,2026-03-30
2026-04-05,2026,4,5,2026,14,7,2026-03-30
2026-04-06,2026,4,6,2026,15,1,2026-04-06
2026-04-07,2026,4,7,2026,15,2,2026-04-06
2026-04-08,2026,4,8,2026,15,3,2026-04-06
2026-04-09,2026,4,9,2026,15,4,2026-04-06
2026-04-10,2026,4,10,2026,15,5,2026-04-06
2026-04-11,2026,4,11,2026,15,6,2026-04-06
2026-04-12,2026,4,12,2026,15,7,2026-04-06
2026-04-13,2026,4,13,2026,16,1,2026-04-13
2026-04-14,2026,4,14,2026,16,2,2026-04-13
2026-04-15,2026,4,15,2026,16,3,2026-04-13
2026-04-16,2026,4,16,2026,16,4,2026-04-13
2026-04-17,2026,4,17,2026,16,5,2026-04-13
2026-04-18,2026,4,18,2026,16,6,2026-04-13
2026-04-19,2026,4,19,2026,16,7,2026-04-13
2026-04-20,2026,4,20,2026,17,1,2026-04-20
2026-04-21,2026,4,21,2026,17,2,2026-04-20
2026-04-22,2026,4,22,2026,17,3,2026-04-20
2026-04-23,2026,4,23,2026,17,4,2026-04-20
2026-04-24,2026,4,24,2026,17,5,2026-04-20
2026-04-25,2026,4,25,2026,17,6,2026-04-20
2026-04-26,2026,4,26,2026,17,7,2026-04-20
2026-04-27,2026,4,27,2026,18,1,2026-04-27
2026-04-28,2026,4,28,2026,18,2,2026-04-27
2026-04-29,2026,4,29,2026,18,3,2026-04-27
2026-04-30,2026,4,30,2026,18,4,2026-04-27
2026-05-01,2026,5,1,2026,18,5,2026-04-27
2026-05-02,2026,5,2,2026,18,6,2026-04-27
2026-05-03,2026,5,3,2026,18,7,2026-04-27
2026-05-04,2026,5,4,2026,19,1,2026-05-04
2026-05-05,2026,5,5,2026,19,2,2026-05-04
2026-05-06,2026,5,6,2026,19,3,2026-05-04
2026-05-07,2026,5,7,2026,19,4,2026-05-04
2026-05-08,2026,5,8,2026,19,5,2026-05-04
2026-05-09,2026,5,9,2026,19,6,2026-05-04
2026-05-10,2026,5,10,2026,19,7,2026-05-04
2026-05-11,2026,5,11,2026,20,1,2026-05-11
2026-05-12,2026,5,12,2026,20,2,2026-05-11
2026-05-13,2026,5,13,2026,20,3,2026-05-11
2026-05-14,2026,5,14,2026,20,4,2026-05-11
2026-05-15,2026,5,15,2026,20,5,2026-05-11
2026-05-16,2026,5,16,2026,20,6,2026-05-11
2026-05-17,2026,5,17,2026,20,7,2026-05-11
2026-05-18,2026,5,18,2026,21,1,2026-05-18
2026-05-19,2026,5,19,2026,21,2,2026-05-18
2026-05-20,2026,5,20,2026,21,3,2026-05-18
2026-05-21,2026,5,21,2026,21,4,2026-05-18
2026-05-22,2026,5,22,2026,21,5,2026-05-18
2026-05-23,2026,5,23,2026,21,6,2026-05-18
2026-05-24,2026,5,24,2026,21,7,2026-05-18
2026-05-25,2026,5,25,2026,22,1,2026-05-25
2026-05-26,2026,5,26,2026,22,2,2026-05-25
2026-05-27,2026,5,27,2026,22,3,2026-05-25
2026-05-28,2026,5,28,2026,22,4,2026-05-25
2026-05-29,2026,5,29,2026,22,5,2026-05-25
2026-05-30,2026,5,30,2026,22,6,2026-05-25
2026-05-31,2026,5,31,2026,22,7,2026-05-25
2026-06-01,2026,6,1,2026,23,1,2026-06-01
2026-06-02,2026,6,2,2026,23,2,2026-06-01
2026-06-03,2026,6,3,2026,23,3,2026-06-01
2026-06-04,2026,6,4,2026,23,4,2026-06-01
2026-06-05,2026,6,5,2026,23,5,2026-06-01
2026-06-06,2026,6,6,2026,23,6,2026-06-01
2026-06-07,2026,6,7,2026,23,7,2026-06-01
2026-06-08,2026,6,8,2026,24,1,2026-06-08
2026-06-09,2026,6,9,2026,24,2,2026-06-08
2026-06-10,2026,6,10,2026,24,3,2026-06-08
2026-06-11,2026,6,11,2026,24,4,2026-06-08
2026-06-12,2026,6,12,2026,24,5,2026-06-08
2026-06-13,2026,6,13,2026,24,6,2026-06-08
2026-06-14,2026,6,14,2026,24,7,2026-06-08
2026-06-15,2026,6,15,2026,25,1,2026-06-15
2026-06-16,2026,6,16,2026,25,2,2026-06-15
2026-06-17,2026,6,17,2026,25,3,2026-06-15
2026-06-18,2026,6,18,2026,25,4,2026-06-15
2026-06-19,2026,6,19,2026,25,5,2026-06-15
2026-06-20,2026,6,20,2026,25,6,2026-06-15
2026-06-21,2026,6,21,2026,25,7,2026-06-15
2026-06-22,2026,6,22,2026,26,1,2026-06-22
2026-06-23,2026,6,23,2026,26,2,2026-06-22
2026-06-24,2026,6,24,2026,26,3,2026-06-22
2026-06-25,2026,6,25,2026,26,4,2026-06-22
2026-06-26,2026,6,26,2026,26,5,2026-06-22
2026-06-27,2026,6,27,2026,26,6,2026-06-22
2026-06-28,2026,6,28,2026,26,7,2026-06-22
2026-06-29,2026,6,29,2026,27,1,2026-06-29
2026-06-30,2026,6,30,2026,27,2,2026-06-29
2026-07-01,2026,7,1,2026,27,3,2026-06-29
2026-07-02,2026,7,2,2026,27,4,2026-06-29
2026-07-03,2026,7,3,2026,27,5,2026-06-29
2026-07-04,2026,7,4,2026,27,6,2026-06-29
2026-07-05,2026,7,5,2026,27,7,2026-06-29
2026-07-06,2026,7,6,2026,28,1,2026-07-06
2026-07-07,2026,7,7,2026,28,2,2026-07-06
2026-07-08,2026,7,8,2026,28,3,2026-07-06
2026-07-09,2026,7,9,2026,28,4,2026-07-06
2026-07-10,2026,7,10,2026,28,5,2026-07-06
2026-07-11,2026,7,11,2026,28,6,2026-07-06
2026-07-12,2026,7,12,2026,28,7,2026-07-06
2026-07-13,2026,7,13,2026,29,1,2026-07-13
2026-07-14,2026,7,14,2026,29,2,2026-07-13
2026-07-15,2026,7,15,2026,29,3,2026-07-13
2026-07-16,2026,7,16,2026,29,4,2026-07-13
2026-07-17,2026,7,17,2026,29,5,2026-07-13
2026-07-18,2026,7,18,2026,29,6,2026-07-13
2026-07-19,2026,7,19,2026,29,7,2026-07-13
2026-07-20,2026,7,20,2026,30,1,2026-07-20
2026-07-21,2026,7,21,2026,30,2,2026-07-20
2026-07-22,2026,7,22,2026,30,3,2026-07-20
2026-07-23,2026,7,23,2026,30,4,2026-07-20
2026-07-24,2026,7,24,2026,30,5,2026-07-20
2026-07-25,2026,7,25,2026,30,6,2026-07-20
2026-07-26,2026,7,26,2026,30,7,2026-07-20
2026-07-27,2026,7,27,2026,31,1,2026-07-27
2026-07-28,2026,7,28,2026,31,2,2026-07-27
2026-07-29,2026,7,29,2026,31,3,2026-07-27
2026-07-30,2026,7,30,2026,31,4,2026-07-27
2026-07-31,2026,7,31,2026,31,5,2026-07-27
2026-08-01,2026,8,1,2026,31,6,2026-07-27
2026-08-02,2026,8,2,2026,31,7,2026-07-27
2026-08-03,2026,8,3,2026,32,1,2026-08-03
2026-08-04,2026,8,4,2026,32,2,2026-08-03
2026-08-05,2026,8,5,2026,32,3,2026-08-03
2026-08-06,2026,8,6,2026,32,4,2026-08-03
2026-08-07,2026,8,7,2026,32,5,2026-08-03
2026-08-08,2026,8,8,2026,32,6,2026-08-03
2026-08-09,2026,8,9,2026,32,7,2026-08-03
2026-08-10,2026,8,10,2026,33,1,2026-08-10
2026-08-11,2026,8,11,2026,33,2,2026-08-10
2026-08-12,2026,8,12,2026,33,3,2026-08-10
2026-08-13,2026,8,13,2026,33,4,2026-08-10
2026-08-14,2026,8,14,2026,33,5,2026-08-10
2026-08-15,2026,8,15,2026,33,6,2026-08-10
2026-08-16,2026,8,16,2026,33,7,2026-08-10
2026-08-17,2026,8,17,2026,34,1,2026-08-17
2026-08-18,2026,8,18,2026,34,2,2026-08-17
2026-08-19,2026,8,19,2026,34,3,2026-08-17
2026-08-20,2026,8,20,2026,34,4,2026-08-17
2026-08-21,2026,8,21,2026,34,5,2026-08-17
2026-08-22,2026,8,22,2026,34,6,2026-08-17
2026-08-23,2026,8,23,2026,34,7,2026-08-17
2026-08-24,2026,8,24,2026,35,1,2026-08-24
2026-08-25,2026,8,25,2026,35,2,2026-08-24
2026-08-26,2026,8,26,2026,35,3,2026-08-24
2026-08-27,2026,8,27,2026,35,4,2026-08-24
2026-08-28,2026,8,28,2026,35,5,2026-08-24
2026-08-29,2026,8,29,2026,35,6,2026-08-24
2026-08-30,2026,8,30,2026,35,7,2026-08-24
2026-08-31,2026,8,31,2026,36,1,2026-08-31
2026-09-01,2026,9,1,2026,36,2,2026-08-31
2026-09-02,2026,9,2,2026,36,3,2026-08-31
2026-09-03,2026,9,3,2026,36,4,2026-08-31
2026-09-04,2026,9,4,2026,36,5,2026-08-31
2026-09-05,2026,9,5,2026,36,6,2026-08-31
2026-09-06,2026,9,6,2026,36,7,2026-08-31
2026-09-07,2026,9,7,2026,37,1,2026-09-07
2026-09-08,2026,9,8,2026,37,2,2026-09-07
2026-09-09,2026,9,9,2026,37,3,2026-09-07
2026-09-10,2026,9,10,2026,37,4,2026-09-07
2026-09-11,2026,9,11,2026,37,5,2026-09-07
2026-09-12,2026,9,12,2026,37,6,2026-09-07
2026-09-13,2026,9,13,2026,37,7,2026-09-07
2026-09-14,2026,9,14,2026,38,1,2026-09-14
2026-09-15,2026,9,15,2026,38,2,2026-09-14
2026-09-16,2026,9,16,2026,38,3,2026-09-14
2026-09-17,2026,9,17,2026,38,4,2026-09-14
2026-09-18,2026,9,18,2026,38,5,2026-09-14
2026-09-19,2026,9,19,2026,38,6,2026-09-14
2026-09-20,2026,9,20,2026,38,7,2026-09-14
2026-09-21,2026,9,21,2026,39,1,2026-09-21
2026-09-22,2026,9,22,2026,39,2,2026-09-21
2026-09-23,2026,9,23,2026,39,3,2026-09-21
2026-09-24,2026,9,24,2026,39,4,2026-09-21
2026-09-25,2026,9,25,2026,39,5,2026-09-21
2026-09-26,2026,9,26,2026,39,6,2026-09-21
2026-09-27,2026,9,27,2026,39,7,2026-09-21
2026-09-28,2026,9,28,2026,40,1,2026-09-28
2026-09-29,2026,9,29,2026,40,2,2026-09-28
2026-09-30,2026,9,30,2026,40,3,2026-09-28
2026-10-01,2026,10,1,2026,40,4,2026-09-28
2026-10-02,2026,10,2,2026,40,5,2026-09-28
2026-10-03,2026,10,3,2026,40,6,2026-09-28
2026-10-04,2026,10,4,2026,40,7,2026-09-28
2026-10-05,2026,10,5,2026,41,1,2026-10-05
2026-10-06,2026,10,6,2026,41,2,2026-10-05
2026-10-07,2026,10,7,2026,41,3,2026-10-05
2026-10-08,2026,10,8,2026,41,4,2026-10-05
2026-10-09,2026,10,9,2026,41,5,2026-10-05
2026-10-10,2026,10,10,2026,41,6,2026-10-05
2026-10-11,2026,10,11,2026,41,7,2026-10-05
2026-10-12,2026,10,12,2026,42,1,2026-10-12
2026-10-13,2026,10,13,2026,42,2,2026-10-12
2026-10-14,2026,10,14,2026,42,3,2026-10-12
2026-10-15,2026,10,15,2026,42,4,2026-10-12
2026-10-16,2026,10,16,2026,42,5,2026-10-12
2026-10-17,2026,10,17,2026,42,6,2026-10-12
2026-10-18,2026,10,18,2026,42,7,2026-10-12
2026-10-19,2026,10,19,2026,43,1,2026-10-19
2026-10-20,2026,10,20,2026,43,2,2026-10-19
2026-10-21,2026,10,21,2026,43,3,2026-10-19
2026-10-22,2026,10,22,2026,43,4,2026-10-19
2026-10-23,2026,10,23,2026,43,5,2026-10-19
2026-10-24,2026,10,24,2026,43,6,2026-10-19
2026-10-25,2026,10,25,2026,43,7,2026-10-19
2026-10-26,2026,10,26,2026,44,1,2026-10-26
2026-10-27,2026,10,27,2026,44,2,2026-10-26
2026-10-28,2026,10,28,2026,44,3,2026-10-26
2026-10-29,2026,10,29,2026,44,4,2026-10-26
2026-10-30,2026,10,30,2026,44,5,2026-10-26
2026-10-31,2026,10,31,2026,44,6,2026-10-26
2026-11-01,2026,11,1,2026,44,7,2026-10-26
2026-11-02,2026,11,2,2026,45,1,2026-11-02
2026-11-03,2026,11,3,2026,45,2,2026-11-02
2026-11-04,2026,11,4,2026,45,3,2026-11-02
2026-11-05,2026,11,5,2026,45,4,2026-11-02
2026-11-06,2026,11,6,2026,45,5,2026-11-02
2026-11-07,2026,11,7,2026,45,6,2026-11-02
2026-11-08,2026,11,8,2026,45,7,2026-11-02
2026-11-09,2026,11,9,2026,46,1,2026-11-09
2026-11-10,2026,11,10,2026,46,2,2026-11-09
2026-11-11,2026,11,11,2026,46,3,2026-11-09
2026-11-12,2026,11,12,2026,46,4,2026-11-09
2026-11-13,2026,11,13,2026,46,5,2026-11-09
2026-11-14,2026,11,14,2026,46,6,2026-11-09
2026-11-15,2026,11,15,2026,46,7,2026-11-09
2026-11-16,2026,11,16,2026,47,1,2026-11-16
2026-11-17,2026,11,17,2026,47,2,2026-11-16
2026-11-18,2026,11,18,2026,47,3,2026-11-16
2026-11-19,2026,11,19,2026,47,4,2026-11-16
2026-11-20,2026,11,20,2026,47,5,2026-11-16
2026-11-21,2026,11,21,2026,47,6,2026-11-16
2026-11-22,2026,11,22,2026,47,7,2026-11-16
2026-11-23,2026,11,23,2026,48,1,2026-11-23
2026-11-24,2026,11,24,2026,48,2,2026-11-23
2026-11-25,2026,11,25,2026,48,3,2026-11-23
2026-11-26,2026,11,26,2026,48,4,2026-11-23
2026-11-27,2026,11,27,2026,48,5,2026-11-23
2026-11-28,2026,11,28,2026,48,6,2026-11-23
2026-11-29,2026,11,29,2026,48,7,2026-11-23
2026-11-30,2026,11,30,2026,49,1,2026-11-30
2026-12-01,2026,12,1,2026,49,2,2026-11-30
2026-12-02,2026,12,2,2026,49,3,2026-11-30
2026-12-03,2026,12,3,2026,49,4,2026-11-30
2026-12-04,2026,12,4,2026,49,5,2026-11-30
2026-12-05,2026,12,5,2026,49,6,2026-11-30
2026-12-06,2026,12,6,2026,49,7,2026-11-30
2026-12-07,2026,12,7,2026,50,1,2026-12-07
2026-12-08,2026,12,8,2026,50,2,2026-12-07
2026-12-09,2026,12,9,2026,50,3,2026-12-07
2026-12-10,2026,12,10,2026,50,4,2026-12-07
2026-12-11,2026,12,11,2026,50,5,2026-12-07
2026-12-12,2026,12,12,2026,50,6,2026-12-07
2026-12-13,2026,12,13,2026,50,7,2026-12-07
2026-12-14,2026,12,14,2026,51,1,2026-12-14
2026-12-15,2026,12,15,2026,51,2,2026-12-14
2026-12-16,2026,12,16,2026,51,3,2026-12-14
2026-12-17,2026,12,17,2026,51,4,2026-12-14
2026-12-18,2026,12,18,2026,51,5,2026-12-14
2026-12-19,2026,12,19,2026,51,6,2026-12-14
2026-12-20,2026,12,20,2026,51,7,2026-12-14
2026-12-21,2026,12,21,2026,52,1,2026-12-21
2026-12-22,2026,12,22,2026,52,2,2026-12-21
2026-12-23,2026,12,23,2026,52,3,2026-12-21
2026-12-24,2026,12,24,2026,52,4,2026-12-21
2026-12-25,2026,12,25,2026,52,5,2026-12-21
2026-12-26,2026,12,26,2026,52,6,2026-12-21
2026-12-27,2026,12,27,2026,52,7,2026-12-21
2026-12-28,2026,12,28,2026,53,1,2026-12-28
2026-12-29,2026,12,29,2026,53,2,2026-12-28
2026-12-30,2026,12,30,2026,53,3,2026-12-28
2026-12-31,2026,12,31,2026,53,4,2026-12-28
