app_id,title,cohort,peer_group,curated_publisher,curated_developer,curated_release_date,curated_lifecycle_role,source_url
244210,Assetto Corsa,portfolio,Racing simulation,505 Games,Kunos Simulazioni,2014-12-19,Evergreen back catalogue,https://store.steampowered.com/app/244210/
365960,rFactor 2,competitor,Racing simulation,,,,,https://store.steampowered.com/app/365960/
460950,Katana ZERO,competitor,Cyber action,,,,,https://store.steampowered.com/app/460950/
493520,GTFO,competitor,Heist / co-op FPS,,,,,https://store.steampowered.com/app/493520/
805550,Assetto Corsa Competizione,portfolio,Racing simulation,505 Games,Kunos Simulazioni,2019-05-29,Back catalogue,https://store.steampowered.com/app/805550/
1066890,Automobilista 2,competitor,Racing simulation,,,,,https://store.steampowered.com/app/1066890/
1084160,Jagged Alliance 3,competitor,Tactical RPG,,,,,https://store.steampowered.com/app/1084160/
1139900,Ghostrunner,portfolio,Cyber action,505 Games,One More Level; 3D Realms; Slipgate Ironworks; All in! Games,2020-10-27,Back catalogue,https://store.steampowered.com/app/1139900/
1144200,Ready or Not,competitor,Heist / co-op FPS,,,,,https://store.steampowered.com/app/1144200/
1164940,Trepang2,competitor,Cyber action,,,,,https://store.steampowered.com/app/1164940/
1182900,A Plague Tale: Requiem,competitor,Premium action adventure,,,,,https://store.steampowered.com/app/1182900/
1229240,Chained Echoes,competitor,JRPG,,,,,https://store.steampowered.com/app/1229240/
1244090,Sea of Stars,competitor,JRPG,,,,,https://store.steampowered.com/app/1244090/
1245620,ELDEN RING,competitor,Action / soulslike,,,,,https://store.steampowered.com/app/1245620/
1259420,Days Gone,competitor,Premium action adventure,,,,,https://store.steampowered.com/app/1259420/
1272080,PAYDAY 3,competitor,Heist / co-op FPS,,,,,https://store.steampowered.com/app/1272080/
1501750,Lords of the Fallen,competitor,Action / soulslike,,,,,https://store.steampowered.com/app/1501750/
1533420,Neon White,competitor,Cyber action,,,,,https://store.steampowered.com/app/1533420/
1627720,Lies of P,competitor,Action / soulslike,,,,,https://store.steampowered.com/app/1627720/
1649010,Miasma Chronicles,portfolio,Tactical RPG,505 Games,The Bearded Ladies,2023-05-23,Mature,https://store.steampowered.com/app/1649010/
1658280,Eiyuden Chronicle: Hundred Heroes,portfolio,JRPG,505 Games,Rabbit & Bear Studios,2024-04-23,Growth,https://store.steampowered.com/app/1658280/
1849250,EA SPORTS WRC,competitor,Racing simulation,,,,,https://store.steampowered.com/app/1849250/
1850570,DEATH STRANDING DIRECTOR'S CUT,portfolio,Premium action adventure,505 Games,KOJIMA PRODUCTIONS,2022-03-30,Back catalogue,https://store.steampowered.com/app/1850570/
1971650,OCTOPATH TRAVELER II,competitor,JRPG,,,,,https://store.steampowered.com/app/1971650/
2091020,Blades of Fire,portfolio,Action / soulslike,505 Games,MercurySteam,2026-05-14,New release,https://store.steampowered.com/app/2091020/
2144740,Ghostrunner 2,portfolio,Cyber action,505 Games,One More Level,2023-10-26,Mature,https://store.steampowered.com/app/2144740/
2277560,WUCHANG: Fallen Feathers,portfolio,Action / soulslike,505 Games,Leenzee,2025-07-23,Growth,https://store.steampowered.com/app/2277560/
2358720,Black Myth: Wukong,competitor,Action / soulslike,,,,,https://store.steampowered.com/app/2358720/
2399420,Le Mans Ultimate,competitor,Racing simulation,,,,,https://store.steampowered.com/app/2399420/
2933080,Crime Boss: Rockay City,portfolio,Heist / co-op FPS,505 Games,INGAME STUDIOS,2024-06-18,Growth,https://store.steampowered.com/app/2933080/
3058630,Assetto Corsa EVO,portfolio,Racing simulation,505 Games,KUNOS Simulazioni,2025-01-16,Growth / early access,https://store.steampowered.com/app/3058630/
3917090,Assetto Corsa Rally,portfolio,Racing simulation,505 Games,Supernova Games Studios,2025-11-13,Growth / early access,https://store.steampowered.com/app/3917090/
