app_id,run_id,benchmark_source,benchmark_timestamp_utc,date_key,retrieved_at_utc,source_status,owner_band_raw,estimated_owners_lower,estimated_owners_upper,owner_estimate_status,steamspy_peak_ccu_previous_day_reported,reported_context_status,steamspy_positive,steamspy_negative,average_playtime_forever_minutes,average_playtime_2weeks_minutes,median_playtime_forever_minutes,median_playtime_2weeks_minutes,playtime_status,ownership_evidence_class,reported_context_evidence_class
244210,steamspy-20261006T194621705248Z-731944ee,steamspy,2026-10-06T19:46:21.705233+00:00,2026-10-06,2026-10-06T19:46:34.182559+00:00,ok,"5,000,000 .. 10,000,000",5000000,10000000,requires_review,8961,period_unresolved,140238,11153,,,,,unavailable,estimated,observed
365960,steamspy-20261006T194621705248Z-731944ee,steamspy,2026-10-06T19:46:21.705233+00:00,2026-10-06,2026-10-06T19:46:38.569788+00:00,ok,"500,000 .. 1,000,000",500000,1000000,requires_review,239,period_unresolved,6766,1774,,,,,unavailable,estimated,observed
460950,steamspy-20261006T194621705248Z-731944ee,steamspy,2026-10-06T19:46:21.705233+00:00,2026-10-06,2026-10-06T19:46:49.540646+00:00,ok,"2,000,000 .. 5,000,000",2000000,5000000,requires_review,82,period_unresolved,69672,1397,,,,,unavailable,estimated,observed
493520,steamspy-20261006T194621705248Z-731944ee,steamspy,2026-10-06T19:46:21.705233+00:00,2026-10-06,2026-10-06T19:46:46.325104+00:00,ok,"2,000,000 .. 5,000,000",2000000,5000000,requires_review,307,period_unresolved,52357,9740,,,,,unavailable,estimated,observed
805550,steamspy-20261006T194621705248Z-731944ee,steamspy,2026-10-06T19:46:21.705233+00:00,2026-10-06,2026-10-06T19:46:33.059227+00:00,ok,"1,000,000 .. 2,000,000",1000000,2000000,requires_review,1479,period_unresolved,36035,2908,,,,,unavailable,estimated,observed
1066890,steamspy-20261006T194621705248Z-731944ee,steamspy,2026-10-06T19:46:21.705233+00:00,2026-10-06,2026-10-06T19:46:35.273157+00:00,ok,"200,000 .. 500,000",200000,500000,requires_review,605,period_unresolved,10137,872,,,,,unavailable,estimated,observed
1084160,steamspy-20261006T194621705248Z-731944ee,steamspy,2026-10-06T19:46:21.705233+00:00,2026-10-06,2026-10-06T19:46:53.986658+00:00,ok,"200,000 .. 500,000",200000,500000,requires_review,363,period_unresolved,11576,1364,,,,,unavailable,estimated,observed
1139900,steamspy-20261006T194621705248Z-731944ee,steamspy,2026-10-06T19:46:21.705233+00:00,2026-10-06,2026-10-06T19:46:31.956573+00:00,ok,"2,000,000 .. 5,000,000",2000000,5000000,requires_review,174,period_unresolved,57713,5436,,,,,unavailable,estimated,observed
1144200,steamspy-20261006T194621705248Z-731944ee,steamspy,2026-10-06T19:46:21.705233+00:00,2026-10-06,2026-10-06T19:46:45.196654+00:00,ok,"5,000,000 .. 10,000,000",5000000,10000000,requires_review,4296,period_unresolved,210654,25542,,,,,unavailable,estimated,observed
1164940,steamspy-20261006T194621705248Z-731944ee,steamspy,2026-10-06T19:46:21.705233+00:00,2026-10-06,2026-10-06T19:46:47.426268+00:00,ok,"500,000 .. 1,000,000",500000,1000000,requires_review,120,period_unresolved,13059,917,,,,,unavailable,estimated,observed
1182900,steamspy-20261006T194621705248Z-731944ee,steamspy,2026-10-06T19:46:21.705233+00:00,2026-10-06,2026-10-06T19:46:55.086156+00:00,ok,"500,000 .. 1,000,000",500000,1000000,requires_review,136,period_unresolved,18772,1838,,,,,unavailable,estimated,observed
1229240,steamspy-20261006T194621705248Z-731944ee,steamspy,2026-10-06T19:46:21.705233+00:00,2026-10-06,2026-10-06T19:46:52.900755+00:00,ok,"200,000 .. 500,000",200000,500000,requires_review,102,period_unresolved,6095,662,,,,,unavailable,estimated,observed
1244090,steamspy-20261006T194621705248Z-731944ee,steamspy,2026-10-06T19:46:21.705233+00:00,2026-10-06,2026-10-06T19:46:51.757053+00:00,ok,"500,000 .. 1,000,000",500000,1000000,requires_review,509,period_unresolved,11331,1367,,,,,unavailable,estimated,observed
1245620,steamspy-20261006T194621705248Z-731944ee,steamspy,2026-10-06T19:46:21.705233+00:00,2026-10-06,2026-10-06T19:46:39.643096+00:00,ok,"20,000,000 .. 50,000,000",20000000,50000000,requires_review,29529,period_unresolved,981540,75137,,,,,unavailable,estimated,observed
1259420,steamspy-20261006T194621705248Z-731944ee,steamspy,2026-10-06T19:46:21.705233+00:00,2026-10-06,2026-10-06T19:46:56.178037+00:00,ok,"2,000,000 .. 5,000,000",2000000,5000000,requires_review,1600,period_unresolved,95697,7446,,,,,unavailable,estimated,observed
1272080,steamspy-20261006T194621705248Z-731944ee,steamspy,2026-10-06T19:46:21.705233+00:00,2026-10-06,2026-10-06T19:46:44.115162+00:00,ok,"2,000,000 .. 5,000,000",2000000,5000000,requires_review,644,period_unresolved,25497,33195,,,,,unavailable,estimated,observed
1501750,steamspy-20261006T194621705248Z-731944ee,steamspy,2026-10-06T19:46:21.705233+00:00,2026-10-06,2026-10-06T19:46:41.830796+00:00,ok,"1,000,000 .. 2,000,000",1000000,2000000,requires_review,827,period_unresolved,27969,14164,,,,,unavailable,estimated,observed
1533420,steamspy-20261006T194621705248Z-731944ee,steamspy,2026-10-06T19:46:21.705233+00:00,2026-10-06,2026-10-06T19:46:48.492025+00:00,ok,"200,000 .. 500,000",200000,500000,requires_review,160,period_unresolved,17398,325,,,,,unavailable,estimated,observed
1627720,steamspy-20261006T194621705248Z-731944ee,steamspy,2026-10-06T19:46:21.705233+00:00,2026-10-06,2026-10-06T19:46:40.762617+00:00,ok,"1,000,000 .. 2,000,000",1000000,2000000,requires_review,1363,period_unresolved,48336,4149,,,,,unavailable,estimated,observed
1649010,steamspy-20261006T194621705248Z-731944ee,steamspy,2026-10-06T19:46:21.705233+00:00,2026-10-06,2026-10-06T19:46:29.830993+00:00,ok,"100,000 .. 200,000",100000,200000,requires_review,17,period_unresolved,1835,479,,,,,unavailable,estimated,observed
1658280,steamspy-20261006T194621705248Z-731944ee,steamspy,2026-10-06T19:46:21.705233+00:00,2026-10-06,2026-10-06T19:46:27.601671+00:00,ok,"100,000 .. 200,000",100000,200000,requires_review,112,period_unresolved,3018,903,,,,,unavailable,estimated,observed
1849250,steamspy-20261006T194621705248Z-731944ee,steamspy,2026-10-06T19:46:21.705233+00:00,2026-10-06,2026-10-06T19:46:37.450771+00:00,ok,"500,000 .. 1,000,000",500000,1000000,requires_review,262,period_unresolved,6135,3674,,,,,unavailable,estimated,observed
1850570,steamspy-20261006T194621705248Z-731944ee,steamspy,2026-10-06T19:46:21.705233+00:00,2026-10-06,2026-10-06T19:46:30.880919+00:00,ok,"1,000,000 .. 2,000,000",1000000,2000000,requires_review,1604,period_unresolved,36697,2819,,,,,unavailable,estimated,observed
1971650,steamspy-20261006T194621705248Z-731944ee,steamspy,2026-10-06T19:46:21.705233+00:00,2026-10-06,2026-10-06T19:46:50.657470+00:00,ok,"200,000 .. 500,000",200000,500000,requires_review,398,period_unresolved,12882,692,,,,,unavailable,estimated,observed
2091020,steamspy-20261006T194621705248Z-731944ee,steamspy,2026-10-06T19:46:21.705233+00:00,2026-10-06,2026-10-06T19:46:22.105051+00:00,ok,"0 .. 20,000",0,20000,requires_review,0,period_unresolved,0,0,,,,,unavailable,estimated,observed
2144740,steamspy-20261006T194621705248Z-731944ee,steamspy,2026-10-06T19:46:21.705233+00:00,2026-10-06,2026-10-06T19:46:28.690554+00:00,ok,"500,000 .. 1,000,000",500000,1000000,requires_review,64,period_unresolved,7676,1840,,,,,unavailable,estimated,observed
2277560,steamspy-20261006T194621705248Z-731944ee,steamspy,2026-10-06T19:46:21.705233+00:00,2026-10-06,2026-10-06T19:46:24.328325+00:00,ok,"0 .. 20,000",0,20000,requires_review,0,period_unresolved,0,0,,,,,unavailable,estimated,observed
2358720,steamspy-20261006T194621705248Z-731944ee,steamspy,2026-10-06T19:46:21.705233+00:00,2026-10-06,2026-10-06T19:46:43.018804+00:00,ok,"50,000,000 .. 100,000,000",50000000,100000000,requires_review,15004,period_unresolved,1111720,38378,,,,,unavailable,estimated,observed
2399420,steamspy-20261006T194621705248Z-731944ee,steamspy,2026-10-06T19:46:21.705233+00:00,2026-10-06,2026-10-06T19:46:36.372495+00:00,ok,"200,000 .. 500,000",200000,500000,requires_review,984,period_unresolved,5903,1520,,,,,unavailable,estimated,observed
2933080,steamspy-20261006T194621705248Z-731944ee,steamspy,2026-10-06T19:46:21.705233+00:00,2026-10-06,2026-10-06T19:46:26.573936+00:00,ok,"200,000 .. 500,000",200000,500000,requires_review,160,period_unresolved,5413,4144,,,,,unavailable,estimated,observed
3058630,steamspy-20261006T194621705248Z-731944ee,steamspy,2026-10-06T19:46:21.705233+00:00,2026-10-06,2026-10-06T19:46:25.396614+00:00,ok,"200,000 .. 500,000",200000,500000,requires_review,179,period_unresolved,7712,3306,,,,,unavailable,estimated,observed
3917090,steamspy-20261006T194621705248Z-731944ee,steamspy,2026-10-06T19:46:21.705233+00:00,2026-10-06,2026-10-06T19:46:23.156754+00:00,ok,"0 .. 20,000",0,20000,requires_review,0,period_unresolved,0,0,,,,,unavailable,estimated,observed
