app_id,run_id,observation_timestamp_utc,date_key,store_name,developer_live,publisher_live,steam_release_date,steam_release_date_text,early_access_genre_flag,is_free,coming_soon,currency,price_status,list_price_minor,final_price_minor,discount_percent_reported,total_positive_reviews,total_negative_reviews,total_reviews,review_score_code,review_score_desc,review_query_version,current_players,steam_store_status,steam_reviews_status,current_players_status,steam_store_retrieved_at_utc,steam_reviews_retrieved_at_utc,current_players_retrieved_at_utc,evidence_class,title,cohort,peer_group,curated_lifecycle_role,curated_release_date,review_contract_sha256,price_date_key,review_date_key,player_date_key,title_age_days,list_price_gbp,final_price_gbp,discount_depth_percent,lifetime_review_positive_percent,analytical_lifecycle,calculated_evidence_class,observation_rank
244210,steam-20261006T194553640385Z-e09f1dd7,2026-10-06T19:45:53.640365+00:00,2026-10-06,Assetto Corsa,Kunos Simulazioni,505 Games,2014-12-19,"19 Dec, 2014",0,0,0,GBP,available,1549,387,75,162401,12476,174877,8,Very Positive,steam-service-v1-all-languages-all-purchases-offtopic-filtered,13017,ok,ok,ok,2026-10-06T19:46:17.380254+00:00,2026-10-06T19:46:18.628472+00:00,2026-10-06T19:46:20.463885+00:00,observed,Assetto Corsa,portfolio,Racing simulation,Evergreen back catalogue,2014-12-19,71f84fc093d09b718bec016c8165322f21765a908c0025087d01d261ccf89f13,2026-10-06,2026-10-06,2026-10-06,4309,15.49,3.87,75.0161,92.8658,back_catalogue,derived,1
365960,steam-20261006T194553640385Z-e09f1dd7,2026-10-06T19:45:53.640365+00:00,2026-10-06,rFactor 2,Studio 397,Studio 397,2015-11-12,"12 Nov, 2015",0,0,0,GBP,available,2499,374,85,7264,1979,9243,6,Mostly Positive,steam-service-v1-all-languages-all-purchases-offtopic-filtered,376,ok,ok,ok,2026-10-06T19:46:26.208945+00:00,2026-10-06T19:46:27.245524+00:00,2026-10-06T19:46:29.384892+00:00,observed,rFactor 2,competitor,Racing simulation,,,71f84fc093d09b718bec016c8165322f21765a908c0025087d01d261ccf89f13,2026-10-06,2026-10-06,2026-10-06,3981,24.99,3.74,85.034,78.5892,back_catalogue,derived,1
460950,steam-20261006T194553640385Z-e09f1dd7,2026-10-06T19:45:53.640365+00:00,2026-10-06,Katana ZERO,Askiisoft,Devolver Digital,2019-04-18,"18 Apr, 2019",0,0,0,GBP,available,1279,767,40,74677,1597,76274,9,Overwhelmingly Positive,steam-service-v1-all-languages-all-purchases-offtopic-filtered,111,ok,ok,ok,2026-10-06T19:46:48.203973+00:00,2026-10-06T19:46:49.299777+00:00,2026-10-06T19:46:51.314863+00:00,observed,Katana ZERO,competitor,Cyber action,,,71f84fc093d09b718bec016c8165322f21765a908c0025087d01d261ccf89f13,2026-10-06,2026-10-06,2026-10-06,2728,12.79,7.67,40.0313,97.9062,back_catalogue,derived,1
493520,steam-20261006T194553640385Z-e09f1dd7,2026-10-06T19:45:53.640365+00:00,2026-10-06,GTFO,10 Chambers,10 Chambers,2021-12-09,"9 Dec, 2021",0,0,0,GBP,available,3499,944,73,56144,10809,66953,8,Very Positive,steam-service-v1-all-languages-all-purchases-offtopic-filtered,680,ok,ok,ok,2026-10-06T19:46:42.639935+00:00,2026-10-06T19:46:43.864501+00:00,2026-10-06T19:46:45.798618+00:00,observed,GTFO,competitor,Heist / co-op FPS,,,71f84fc093d09b718bec016c8165322f21765a908c0025087d01d261ccf89f13,2026-10-06,2026-10-06,2026-10-06,1762,34.99,9.44,73.0209,83.8558,back_catalogue,derived,1
805550,steam-20261006T194553640385Z-e09f1dd7,2026-10-06T19:45:53.640365+00:00,2026-10-06,Assetto Corsa Competizione,Kunos Simulazioni,505 Games,2019-05-29,"29 May, 2019",0,0,0,GBP,available,3499,874,75,45146,3557,48703,8,Very Positive,steam-service-v1-all-languages-all-purchases-offtopic-filtered,3117,ok,ok,ok,2026-10-06T19:46:16.258275+00:00,2026-10-06T19:46:17.451465+00:00,2026-10-06T19:46:19.376585+00:00,observed,Assetto Corsa Competizione,portfolio,Racing simulation,Back catalogue,2019-05-29,71f84fc093d09b718bec016c8165322f21765a908c0025087d01d261ccf89f13,2026-10-06,2026-10-06,2026-10-06,2687,34.99,8.74,75.0214,92.6965,back_catalogue,derived,1
1066890,steam-20261006T194553640385Z-e09f1dd7,2026-10-06T19:45:53.640365+00:00,2026-10-06,Automobilista 2,Reiza Studios,Reiza Studios,2020-06-30,"30 Jun, 2020",0,0,0,GBP,available,3499,1749,50,14832,1336,16168,8,Very Positive,steam-service-v1-all-languages-all-purchases-offtopic-filtered,1349,ok,ok,ok,2026-10-06T19:46:21.120850+00:00,2026-10-06T19:46:21.855463+00:00,2026-10-06T19:46:23.755787+00:00,observed,Automobilista 2,competitor,Racing simulation,,,71f84fc093d09b718bec016c8165322f21765a908c0025087d01d261ccf89f13,2026-10-06,2026-10-06,2026-10-06,2289,34.99,17.49,50.0143,91.7368,back_catalogue,derived,1
1084160,steam-20261006T194553640385Z-e09f1dd7,2026-10-06T19:45:53.640365+00:00,2026-10-06,Jagged Alliance 3,Haemimont Games,THQ Nordic,2023-07-14,"14 Jul, 2023",0,0,0,GBP,available,3999,399,90,13377,1766,15143,8,Very Positive,steam-service-v1-all-languages-all-purchases-offtopic-filtered,2369,ok,ok,ok,2026-10-06T19:46:57.021658+00:00,2026-10-06T19:46:58.002674+00:00,2026-10-06T19:47:00.112266+00:00,observed,Jagged Alliance 3,competitor,Tactical RPG,,,71f84fc093d09b718bec016c8165322f21765a908c0025087d01d261ccf89f13,2026-10-06,2026-10-06,2026-10-06,1180,39.99,3.99,90.0225,88.3378,back_catalogue,derived,1
1139900,steam-20261006T194553640385Z-e09f1dd7,2026-10-06T19:45:53.640365+00:00,2026-10-06,Ghostrunner,One More Level; 3D Realms; Slipgate Ironworks™; All in! Games,505 Games,2020-10-27,"27 Oct, 2020",0,0,0,GBP,available,2499,624,75,61094,5911,67005,8,Very Positive,steam-service-v1-all-languages-all-purchases-offtopic-filtered,142,ok,ok,ok,2026-10-06T19:46:12.964268+00:00,2026-10-06T19:46:14.088628+00:00,2026-10-06T19:46:16.062384+00:00,observed,Ghostrunner,portfolio,Cyber action,Back catalogue,2020-10-27,71f84fc093d09b718bec016c8165322f21765a908c0025087d01d261ccf89f13,2026-10-06,2026-10-06,2026-10-06,2170,24.99,6.24,75.03,91.1783,back_catalogue,derived,1
1144200,steam-20261006T194553640385Z-e09f1dd7,2026-10-06T19:45:53.640365+00:00,2026-10-06,Ready or Not,VOID Interactive,VOID Interactive,2023-12-13,"13 Dec, 2023",0,0,0,GBP,available,4499,2249,50,275121,73559,348680,6,Mostly Positive,steam-service-v1-all-languages-all-purchases-offtopic-filtered,9478,ok,ok,ok,2026-10-06T19:46:39.339288+00:00,2026-10-06T19:46:40.582224+00:00,2026-10-06T19:46:42.521441+00:00,observed,Ready or Not,competitor,Heist / co-op FPS,,,71f84fc093d09b718bec016c8165322f21765a908c0025087d01d261ccf89f13,2026-10-06,2026-10-06,2026-10-06,1028,44.99,22.49,50.0111,78.9036,established,derived,1
1164940,steam-20261006T194553640385Z-e09f1dd7,2026-10-06T19:45:53.640365+00:00,2026-10-06,Trepang2,Trepang Studios,Team17,2023-06-21,"21 Jun, 2023",0,0,0,GBP,available,2499,624,75,18334,1443,19777,8,Very Positive,steam-service-v1-all-languages-all-purchases-offtopic-filtered,177,ok,ok,ok,2026-10-06T19:46:43.796909+00:00,2026-10-06T19:46:44.855890+00:00,2026-10-06T19:46:47.106301+00:00,observed,Trepang2,competitor,Cyber action,,,71f84fc093d09b718bec016c8165322f21765a908c0025087d01d261ccf89f13,2026-10-06,2026-10-06,2026-10-06,1203,24.99,6.24,75.03,92.7036,back_catalogue,derived,1
1182900,steam-20261006T194553640385Z-e09f1dd7,2026-10-06T19:45:53.640365+00:00,2026-10-06,A Plague Tale: Requiem,Asobo Studio,Focus Entertainment,2022-10-17,"17 Oct, 2022",0,0,0,GBP,available,4499,1349,70,25133,2568,27701,8,Very Positive,steam-service-v1-all-languages-all-purchases-offtopic-filtered,407,ok,ok,ok,2026-10-06T19:47:00.298362+00:00,2026-10-06T19:47:01.454343+00:00,2026-10-06T19:47:03.414350+00:00,observed,A Plague Tale: Requiem,competitor,Premium action adventure,,,71f84fc093d09b718bec016c8165322f21765a908c0025087d01d261ccf89f13,2026-10-06,2026-10-06,2026-10-06,1450,44.99,13.49,70.0156,90.7296,back_catalogue,derived,1
1229240,steam-20261006T194553640385Z-e09f1dd7,2026-10-06T19:45:53.640365+00:00,2026-10-06,Chained Echoes,Umami Tiger (Matthias Linda),Deck13; WhisperGames,2022-12-08,"8 Dec, 2022",0,0,0,GBP,available,2499,874,65,7277,938,8215,8,Very Positive,steam-service-v1-all-languages-all-purchases-offtopic-filtered,222,ok,ok,ok,2026-10-06T19:46:55.926396+00:00,2026-10-06T19:46:57.054783+00:00,2026-10-06T19:46:59.222950+00:00,observed,Chained Echoes,competitor,JRPG,,,71f84fc093d09b718bec016c8165322f21765a908c0025087d01d261ccf89f13,2026-10-06,2026-10-06,2026-10-06,1398,24.99,8.74,65.026,88.5819,back_catalogue,derived,1
1244090,steam-20261006T194553640385Z-e09f1dd7,2026-10-06T19:45:53.640365+00:00,2026-10-06,Sea of Stars: Sunset Edition,Sabotage Studio,Sabotage Studio,2023-08-28,"28 Aug, 2023",0,0,0,GBP,available,2950,1475,50,13832,1814,15646,8,Very Positive,steam-service-v1-all-languages-all-purchases-offtopic-filtered,385,ok,ok,ok,2026-10-06T19:46:52.605378+00:00,2026-10-06T19:46:53.711126+00:00,2026-10-06T19:46:55.867606+00:00,observed,Sea of Stars,competitor,JRPG,,,71f84fc093d09b718bec016c8165322f21765a908c0025087d01d261ccf89f13,2026-10-06,2026-10-06,2026-10-06,1135,29.5,14.75,50.0,88.406,back_catalogue,derived,1
1245620,steam-20261006T194553640385Z-e09f1dd7,2026-10-06T19:45:53.640365+00:00,2026-10-06,ELDEN RING,"FromSoftware, Inc.","FromSoftware, Inc.; Bandai Namco Entertainment",2022-02-24,"24 Feb, 2022",0,0,0,GBP,available,4999,4999,0,1077325,80521,1157846,8,Very Positive,steam-service-v1-all-languages-all-purchases-offtopic-filtered,25087,ok,ok,ok,2026-10-06T19:46:29.460982+00:00,2026-10-06T19:46:30.938596+00:00,2026-10-06T19:46:32.542430+00:00,observed,ELDEN RING,competitor,Action / soulslike,,,71f84fc093d09b718bec016c8165322f21765a908c0025087d01d261ccf89f13,2026-10-06,2026-10-06,2026-10-06,1685,49.99,49.99,0.0,93.0456,back_catalogue,derived,1
1259420,steam-20261006T194553640385Z-e09f1dd7,2026-10-06T19:45:53.640365+00:00,2026-10-06,Days Gone,Bend Studio,PlayStation Publishing LLC,2021-05-17,"17 May, 2021",0,0,0,GBP,available,3499,1399,60,108958,8555,117513,8,Very Positive,steam-service-v1-all-languages-all-purchases-offtopic-filtered,2437,ok,ok,ok,2026-10-06T19:47:01.357693+00:00,2026-10-06T19:47:02.507898+00:00,2026-10-06T19:47:04.399986+00:00,observed,Days Gone,competitor,Premium action adventure,,,71f84fc093d09b718bec016c8165322f21765a908c0025087d01d261ccf89f13,2026-10-06,2026-10-06,2026-10-06,1968,34.99,13.99,60.0171,92.72,back_catalogue,derived,1
1272080,steam-20261006T194553640385Z-e09f1dd7,2026-10-06T19:45:53.640365+00:00,2026-10-06,PAYDAY 3,Starbreeze Studios,Starbreeze Entertainment,2023-09-21,"21 Sep, 2023",0,0,0,GBP,available,2399,2399,0,30642,35463,66105,5,Mixed,steam-service-v1-all-languages-all-purchases-offtopic-filtered,1287,ok,ok,ok,2026-10-06T19:46:38.246235+00:00,2026-10-06T19:46:39.400168+00:00,2026-10-06T19:46:41.312943+00:00,observed,PAYDAY 3,competitor,Heist / co-op FPS,,,71f84fc093d09b718bec016c8165322f21765a908c0025087d01d261ccf89f13,2026-10-06,2026-10-06,2026-10-06,1111,23.99,23.99,0.0,46.3535,back_catalogue,derived,1
1501750,steam-20261006T194553640385Z-e09f1dd7,2026-10-06T19:45:53.640365+00:00,2026-10-06,Lords of the Fallen,CI Games,CI Games,2023-10-13,"13 Oct, 2023",0,0,0,GBP,available,2499,824,67,38505,18139,56644,5,Mixed,steam-service-v1-all-languages-all-purchases-offtopic-filtered,1220,ok,ok,ok,2026-10-06T19:46:33.854127+00:00,2026-10-06T19:46:35.002251+00:00,2026-10-06T19:46:36.906524+00:00,observed,Lords of the Fallen,competitor,Action / soulslike,,,71f84fc093d09b718bec016c8165322f21765a908c0025087d01d261ccf89f13,2026-10-06,2026-10-06,2026-10-06,1089,24.99,8.24,67.0268,67.9772,established,derived,1
1533420,steam-20261006T194553640385Z-e09f1dd7,2026-10-06T19:45:53.640365+00:00,2026-10-06,Neon White,Angel Matrix,Annapurna Interactive,2022-06-16,"16 Jun, 2022",0,0,0,GBP,available,1999,799,60,20502,447,20949,9,Overwhelmingly Positive,steam-service-v1-all-languages-all-purchases-offtopic-filtered,171,ok,ok,ok,2026-10-06T19:46:47.194840+00:00,2026-10-06T19:46:48.253694+00:00,2026-10-06T19:46:50.169118+00:00,observed,Neon White,competitor,Cyber action,,,71f84fc093d09b718bec016c8165322f21765a908c0025087d01d261ccf89f13,2026-10-06,2026-10-06,2026-10-06,1573,19.99,7.99,60.03,97.8662,back_catalogue,derived,1
1627720,steam-20261006T194553640385Z-e09f1dd7,2026-10-06T19:45:53.640365+00:00,2026-10-06,Lies of P,NEOWIZ,NEOWIZ,2023-09-18,"18 Sep, 2023",0,0,0,GBP,available,4999,2499,50,76532,7013,83545,8,Very Positive,steam-service-v1-all-languages-all-purchases-offtopic-filtered,1980,ok,ok,ok,2026-10-06T19:46:30.607966+00:00,2026-10-06T19:46:31.684372+00:00,2026-10-06T19:46:33.870963+00:00,observed,Lies of P,competitor,Action / soulslike,,,71f84fc093d09b718bec016c8165322f21765a908c0025087d01d261ccf89f13,2026-10-06,2026-10-06,2026-10-06,1114,49.99,24.99,50.01,91.6057,back_catalogue,derived,1
1649010,steam-20261006T194553640385Z-e09f1dd7,2026-10-06T19:45:53.640365+00:00,2026-10-06,Miasma Chronicles,The Bearded Ladies,505 Games Official,2023-05-23,"23 May, 2023",0,0,0,GBP,available,2999,899,70,2453,622,3075,6,Mostly Positive,steam-service-v1-all-languages-all-purchases-offtopic-filtered,48,ok,ok,ok,2026-10-06T19:46:08.541470+00:00,2026-10-06T19:46:09.563340+00:00,2026-10-06T19:46:11.749952+00:00,observed,Miasma Chronicles,portfolio,Tactical RPG,Mature,2023-05-23,71f84fc093d09b718bec016c8165322f21765a908c0025087d01d261ccf89f13,2026-10-06,2026-10-06,2026-10-06,1232,29.99,8.99,70.0233,79.7724,back_catalogue,derived,1
1658280,steam-20261006T194553640385Z-e09f1dd7,2026-10-06T19:45:53.640365+00:00,2026-10-06,Eiyuden Chronicle: Hundred Heroes,Rabbit & Bear Studios,505 Games,2024-04-23,"23 Apr, 2024",0,0,0,GBP,available,4499,1349,70,3523,1153,4676,6,Mostly Positive,steam-service-v1-all-languages-all-purchases-offtopic-filtered,67,ok,ok,ok,2026-10-06T19:46:04.258295+00:00,2026-10-06T19:46:05.238696+00:00,2026-10-06T19:46:07.328642+00:00,observed,Eiyuden Chronicle: Hundred Heroes,portfolio,JRPG,Growth,2024-04-23,71f84fc093d09b718bec016c8165322f21765a908c0025087d01d261ccf89f13,2026-10-06,2026-10-06,2026-10-06,896,44.99,13.49,70.0156,75.3422,established,derived,1
1849250,steam-20261006T194553640385Z-e09f1dd7,2026-10-06T19:45:53.640365+00:00,2026-10-06,EA SPORTS™ WRC,Codemasters,Electronic Arts,2023-11-02,"2 Nov, 2023",0,0,0,GBP,available,3999,1999,50,7025,4415,11440,5,Mixed,steam-service-v1-all-languages-all-purchases-offtopic-filtered,291,ok,ok,ok,2026-10-06T19:46:25.206106+00:00,2026-10-06T19:46:26.297342+00:00,2026-10-06T19:46:28.167633+00:00,observed,EA SPORTS WRC,competitor,Racing simulation,,,71f84fc093d09b718bec016c8165322f21765a908c0025087d01d261ccf89f13,2026-10-06,2026-10-06,2026-10-06,1069,39.99,19.99,50.0125,61.4073,established,derived,1
1850570,steam-20261006T194553640385Z-e09f1dd7,2026-10-06T19:45:53.640365+00:00,2026-10-06,DEATH STRANDING DIRECTOR'S CUT,KOJIMA PRODUCTIONS,505 Games,2022-03-30,"30 Mar, 2022",0,0,0,GBP,available,3499,874,75,63998,5436,69434,8,Very Positive,steam-service-v1-all-languages-all-purchases-offtopic-filtered,2574,ok,ok,ok,2026-10-06T19:46:11.910344+00:00,2026-10-06T19:46:13.046975+00:00,2026-10-06T19:46:14.946026+00:00,observed,DEATH STRANDING DIRECTOR'S CUT,portfolio,Premium action adventure,Back catalogue,2022-03-30,71f84fc093d09b718bec016c8165322f21765a908c0025087d01d261ccf89f13,2026-10-06,2026-10-06,2026-10-06,1651,34.99,8.74,75.0214,92.171,back_catalogue,derived,1
1971650,steam-20261006T194553640385Z-e09f1dd7,2026-10-06T19:45:53.640365+00:00,2026-10-06,OCTOPATH TRAVELER II,Square Enix; ACQUIRE Corp.,Square Enix,2023-02-24,"24 Feb, 2023",0,0,0,GBP,available,4999,1999,60,16461,1241,17702,8,Very Positive,steam-service-v1-all-languages-all-purchases-offtopic-filtered,634,ok,ok,ok,2026-10-06T19:46:51.561894+00:00,2026-10-06T19:46:52.689116+00:00,2026-10-06T19:46:54.554794+00:00,observed,OCTOPATH TRAVELER II,competitor,JRPG,,,71f84fc093d09b718bec016c8165322f21765a908c0025087d01d261ccf89f13,2026-10-06,2026-10-06,2026-10-06,1320,49.99,19.99,60.012,92.9895,back_catalogue,derived,1
2091020,steam-20261006T194553640385Z-e09f1dd7,2026-10-06T19:45:53.640365+00:00,2026-10-06,Blades of Fire,MercurySteam,505 Games,2026-05-14,"14 May, 2026",0,0,0,GBP,available,3499,1749,50,538,177,715,6,Mostly Positive,steam-service-v1-all-languages-all-purchases-offtopic-filtered,35,ok,ok,ok,2026-10-06T19:45:54.198644+00:00,2026-10-06T19:45:55.402831+00:00,2026-10-06T19:45:57.292766+00:00,observed,Blades of Fire,portfolio,Action / soulslike,New release,2026-05-14,71f84fc093d09b718bec016c8165322f21765a908c0025087d01d261ccf89f13,2026-10-06,2026-10-06,2026-10-06,145,34.99,17.49,50.0143,75.2448,early_lifecycle,derived,1
2144740,steam-20261006T194553640385Z-e09f1dd7,2026-10-06T19:45:53.640365+00:00,2026-10-06,Ghostrunner 2,One More Level,505 Games,2023-10-26,"26 Oct, 2023",0,0,0,GBP,available,3499,699,80,9327,2338,11665,6,Mostly Positive,steam-service-v1-all-languages-all-purchases-offtopic-filtered,50,ok,ok,ok,2026-10-06T19:46:07.460533+00:00,2026-10-06T19:46:08.592522+00:00,2026-10-06T19:46:10.520837+00:00,observed,Ghostrunner 2,portfolio,Cyber action,Mature,2023-10-26,71f84fc093d09b718bec016c8165322f21765a908c0025087d01d261ccf89f13,2026-10-06,2026-10-06,2026-10-06,1076,34.99,6.99,80.0229,79.9571,established,derived,1
2277560,steam-20261006T194553640385Z-e09f1dd7,2026-10-06T19:45:53.640365+00:00,2026-10-06,WUCHANG: Fallen Feathers,Leenzee,505 Games,2025-07-23,"23 Jul, 2025",0,0,0,GBP,available,4499,3149,30,61127,45491,106618,5,Mixed,steam-service-v1-all-languages-all-purchases-offtopic-filtered,448,ok,ok,ok,2026-10-06T19:45:58.602126+00:00,2026-10-06T19:45:59.845049+00:00,2026-10-06T19:46:00.763748+00:00,observed,WUCHANG: Fallen Feathers,portfolio,Action / soulslike,Growth,2025-07-23,71f84fc093d09b718bec016c8165322f21765a908c0025087d01d261ccf89f13,2026-10-06,2026-10-06,2026-10-06,440,44.99,31.49,30.0067,57.3327,established,derived,1
2358720,steam-20261006T194553640385Z-e09f1dd7,2026-10-06T19:45:53.640365+00:00,2026-10-06,Black Myth: Wukong,Game Science,Game Science,2024-08-19,"19 Aug, 2024",0,0,0,GBP,available,4999,4999,0,1170653,42693,1213346,9,Overwhelmingly Positive,steam-service-v1-all-languages-all-purchases-offtopic-filtered,4531,ok,ok,ok,2026-10-06T19:46:34.948468+00:00,2026-10-06T19:46:36.353378+00:00,2026-10-06T19:46:38.065544+00:00,observed,Black Myth: Wukong,competitor,Action / soulslike,,,71f84fc093d09b718bec016c8165322f21765a908c0025087d01d261ccf89f13,2026-10-06,2026-10-06,2026-10-06,778,49.99,49.99,0.0,96.4814,established,derived,1
2399420,steam-20261006T194553640385Z-e09f1dd7,2026-10-06T19:45:53.640365+00:00,2026-10-06,Le Mans Ultimate,Studio 397,Studio 397,2025-07-22,"22 Jul, 2025",0,0,0,GBP,available,3299,1814,45,16198,4376,20574,6,Mostly Positive,steam-service-v1-all-languages-all-purchases-offtopic-filtered,6764,ok,ok,ok,2026-10-06T19:46:21.837174+00:00,2026-10-06T19:46:22.767967+00:00,2026-10-06T19:46:25.001693+00:00,observed,Le Mans Ultimate,competitor,Racing simulation,,,71f84fc093d09b718bec016c8165322f21765a908c0025087d01d261ccf89f13,2026-10-06,2026-10-06,2026-10-06,441,32.99,18.14,45.0136,78.7304,established,derived,1
2933080,steam-20261006T194553640385Z-e09f1dd7,2026-10-06T19:45:53.640365+00:00,2026-10-06,Crime Boss: Rockay City,INGAME STUDIOS,505 Games,2024-06-18,"18 Jun, 2024",0,0,0,GBP,available,1599,159,90,7278,3375,10653,5,Mixed,steam-service-v1-all-languages-all-purchases-offtopic-filtered,169,ok,ok,ok,2026-10-06T19:46:02.041020+00:00,2026-10-06T19:46:04.285762+00:00,2026-10-06T19:46:06.109698+00:00,observed,Crime Boss: Rockay City,portfolio,Heist / co-op FPS,Growth,2024-06-18,71f84fc093d09b718bec016c8165322f21765a908c0025087d01d261ccf89f13,2026-10-06,2026-10-06,2026-10-06,840,15.99,1.59,90.0563,68.3188,established,derived,1
3058630,steam-20261006T194553640385Z-e09f1dd7,2026-10-06T19:45:53.640365+00:00,2026-10-06,Assetto Corsa EVO,KUNOS Simulazioni,505 Games,2025-01-16,"16 Jan, 2025",1,0,0,GBP,available,3299,2639,20,12686,8835,21521,5,Mixed,steam-service-v1-all-languages-all-purchases-offtopic-filtered,1267,ok,ok,ok,2026-10-06T19:45:59.865690+00:00,2026-10-06T19:46:01.970158+00:00,2026-10-06T19:46:02.957975+00:00,observed,Assetto Corsa EVO,portfolio,Racing simulation,Growth / early access,2025-01-16,71f84fc093d09b718bec016c8165322f21765a908c0025087d01d261ccf89f13,2026-10-06,2026-10-06,2026-10-06,628,32.99,26.39,20.0061,58.9471,early_access,derived,1
3917090,steam-20261006T194553640385Z-e09f1dd7,2026-10-06T19:45:53.640365+00:00,2026-10-06,Assetto Corsa Rally,Supernova Games Studios,505 Games,2025-11-13,"13 Nov, 2025",1,0,0,GBP,available,2499,1999,20,9565,1338,10903,8,Very Positive,steam-service-v1-all-languages-all-purchases-offtopic-filtered,988,ok,ok,ok,2026-10-06T19:45:55.353214+00:00,2026-10-06T19:45:56.444379+00:00,2026-10-06T19:45:58.495314+00:00,observed,Assetto Corsa Rally,portfolio,Racing simulation,Growth / early access,2025-11-13,71f84fc093d09b718bec016c8165322f21765a908c0025087d01d261ccf89f13,2026-10-06,2026-10-06,2026-10-06,327,24.99,19.99,20.008,87.7281,early_access,derived,1
