app_id,title,run_id,review_query_version,review_contract_sha256,latest_observation_at_utc,comparable_week_count,latest_comparable_player_at_utc,player_change_3weeks_percent,player_momentum_status,review_velocity_per_day,review_velocity_status,minimum_comparable_weeks,evidence_class
244210,Assetto Corsa,steam-20261006T194553640385Z-e09f1dd7,steam-service-v1-all-languages-all-purchases-offtopic-filtered,71f84fc093d09b718bec016c8165322f21765a908c0025087d01d261ccf89f13,2026-10-06T19:46:20.463885+00:00,0,,,insufficient_comparable_history,,insufficient_comparable_history,4,derived
365960,rFactor 2,steam-20261006T194553640385Z-e09f1dd7,steam-service-v1-all-languages-all-purchases-offtopic-filtered,71f84fc093d09b718bec016c8165322f21765a908c0025087d01d261ccf89f13,2026-10-06T19:46:29.384892+00:00,0,,,insufficient_comparable_history,,insufficient_comparable_history,4,derived
460950,Katana ZERO,steam-20261006T194553640385Z-e09f1dd7,steam-service-v1-all-languages-all-purchases-offtopic-filtered,71f84fc093d09b718bec016c8165322f21765a908c0025087d01d261ccf89f13,2026-10-06T19:46:51.314863+00:00,0,,,insufficient_comparable_history,,insufficient_comparable_history,4,derived
493520,GTFO,steam-20261006T194553640385Z-e09f1dd7,steam-service-v1-all-languages-all-purchases-offtopic-filtered,71f84fc093d09b718bec016c8165322f21765a908c0025087d01d261ccf89f13,2026-10-06T19:46:45.798618+00:00,0,,,insufficient_comparable_history,,insufficient_comparable_history,4,derived
805550,Assetto Corsa Competizione,steam-20261006T194553640385Z-e09f1dd7,steam-service-v1-all-languages-all-purchases-offtopic-filtered,71f84fc093d09b718bec016c8165322f21765a908c0025087d01d261ccf89f13,2026-10-06T19:46:19.376585+00:00,0,,,insufficient_comparable_history,,insufficient_comparable_history,4,derived
1066890,Automobilista 2,steam-20261006T194553640385Z-e09f1dd7,steam-service-v1-all-languages-all-purchases-offtopic-filtered,71f84fc093d09b718bec016c8165322f21765a908c0025087d01d261ccf89f13,2026-10-06T19:46:23.755787+00:00,0,,,insufficient_comparable_history,,insufficient_comparable_history,4,derived
1084160,Jagged Alliance 3,steam-20261006T194553640385Z-e09f1dd7,steam-service-v1-all-languages-all-purchases-offtopic-filtered,71f84fc093d09b718bec016c8165322f21765a908c0025087d01d261ccf89f13,2026-10-06T19:47:00.112266+00:00,0,,,insufficient_comparable_history,,insufficient_comparable_history,4,derived
1139900,Ghostrunner,steam-20261006T194553640385Z-e09f1dd7,steam-service-v1-all-languages-all-purchases-offtopic-filtered,71f84fc093d09b718bec016c8165322f21765a908c0025087d01d261ccf89f13,2026-10-06T19:46:16.062384+00:00,0,,,insufficient_comparable_history,,insufficient_comparable_history,4,derived
1144200,Ready or Not,steam-20261006T194553640385Z-e09f1dd7,steam-service-v1-all-languages-all-purchases-offtopic-filtered,71f84fc093d09b718bec016c8165322f21765a908c0025087d01d261ccf89f13,2026-10-06T19:46:42.521441+00:00,0,,,insufficient_comparable_history,,insufficient_comparable_history,4,derived
1164940,Trepang2,steam-20261006T194553640385Z-e09f1dd7,steam-service-v1-all-languages-all-purchases-offtopic-filtered,71f84fc093d09b718bec016c8165322f21765a908c0025087d01d261ccf89f13,2026-10-06T19:46:47.106301+00:00,0,,,insufficient_comparable_history,,insufficient_comparable_history,4,derived
1182900,A Plague Tale: Requiem,steam-20261006T194553640385Z-e09f1dd7,steam-service-v1-all-languages-all-purchases-offtopic-filtered,71f84fc093d09b718bec016c8165322f21765a908c0025087d01d261ccf89f13,2026-10-06T19:47:03.414350+00:00,0,,,insufficient_comparable_history,,insufficient_comparable_history,4,derived
1229240,Chained Echoes,steam-20261006T194553640385Z-e09f1dd7,steam-service-v1-all-languages-all-purchases-offtopic-filtered,71f84fc093d09b718bec016c8165322f21765a908c0025087d01d261ccf89f13,2026-10-06T19:46:59.222950+00:00,0,,,insufficient_comparable_history,,insufficient_comparable_history,4,derived
1244090,Sea of Stars,steam-20261006T194553640385Z-e09f1dd7,steam-service-v1-all-languages-all-purchases-offtopic-filtered,71f84fc093d09b718bec016c8165322f21765a908c0025087d01d261ccf89f13,2026-10-06T19:46:55.867606+00:00,0,,,insufficient_comparable_history,,insufficient_comparable_history,4,derived
1245620,ELDEN RING,steam-20261006T194553640385Z-e09f1dd7,steam-service-v1-all-languages-all-purchases-offtopic-filtered,71f84fc093d09b718bec016c8165322f21765a908c0025087d01d261ccf89f13,2026-10-06T19:46:32.542430+00:00,0,,,insufficient_comparable_history,,insufficient_comparable_history,4,derived
1259420,Days Gone,steam-20261006T194553640385Z-e09f1dd7,steam-service-v1-all-languages-all-purchases-offtopic-filtered,71f84fc093d09b718bec016c8165322f21765a908c0025087d01d261ccf89f13,2026-10-06T19:47:04.399986+00:00,0,,,insufficient_comparable_history,,insufficient_comparable_history,4,derived
1272080,PAYDAY 3,steam-20261006T194553640385Z-e09f1dd7,steam-service-v1-all-languages-all-purchases-offtopic-filtered,71f84fc093d09b718bec016c8165322f21765a908c0025087d01d261ccf89f13,2026-10-06T19:46:41.312943+00:00,0,,,insufficient_comparable_history,,insufficient_comparable_history,4,derived
1501750,Lords of the Fallen,steam-20261006T194553640385Z-e09f1dd7,steam-service-v1-all-languages-all-purchases-offtopic-filtered,71f84fc093d09b718bec016c8165322f21765a908c0025087d01d261ccf89f13,2026-10-06T19:46:36.906524+00:00,0,,,insufficient_comparable_history,,insufficient_comparable_history,4,derived
1533420,Neon White,steam-20261006T194553640385Z-e09f1dd7,steam-service-v1-all-languages-all-purchases-offtopic-filtered,71f84fc093d09b718bec016c8165322f21765a908c0025087d01d261ccf89f13,2026-10-06T19:46:50.169118+00:00,0,,,insufficient_comparable_history,,insufficient_comparable_history,4,derived
1627720,Lies of P,steam-20261006T194553640385Z-e09f1dd7,steam-service-v1-all-languages-all-purchases-offtopic-filtered,71f84fc093d09b718bec016c8165322f21765a908c0025087d01d261ccf89f13,2026-10-06T19:46:33.870963+00:00,0,,,insufficient_comparable_history,,insufficient_comparable_history,4,derived
1649010,Miasma Chronicles,steam-20261006T194553640385Z-e09f1dd7,steam-service-v1-all-languages-all-purchases-offtopic-filtered,71f84fc093d09b718bec016c8165322f21765a908c0025087d01d261ccf89f13,2026-10-06T19:46:11.749952+00:00,0,,,insufficient_comparable_history,,insufficient_comparable_history,4,derived
1658280,Eiyuden Chronicle: Hundred Heroes,steam-20261006T194553640385Z-e09f1dd7,steam-service-v1-all-languages-all-purchases-offtopic-filtered,71f84fc093d09b718bec016c8165322f21765a908c0025087d01d261ccf89f13,2026-10-06T19:46:07.328642+00:00,0,,,insufficient_comparable_history,,insufficient_comparable_history,4,derived
1849250,EA SPORTS WRC,steam-20261006T194553640385Z-e09f1dd7,steam-service-v1-all-languages-all-purchases-offtopic-filtered,71f84fc093d09b718bec016c8165322f21765a908c0025087d01d261ccf89f13,2026-10-06T19:46:28.167633+00:00,0,,,insufficient_comparable_history,,insufficient_comparable_history,4,derived
1850570,DEATH STRANDING DIRECTOR'S CUT,steam-20261006T194553640385Z-e09f1dd7,steam-service-v1-all-languages-all-purchases-offtopic-filtered,71f84fc093d09b718bec016c8165322f21765a908c0025087d01d261ccf89f13,2026-10-06T19:46:14.946026+00:00,0,,,insufficient_comparable_history,,insufficient_comparable_history,4,derived
1971650,OCTOPATH TRAVELER II,steam-20261006T194553640385Z-e09f1dd7,steam-service-v1-all-languages-all-purchases-offtopic-filtered,71f84fc093d09b718bec016c8165322f21765a908c0025087d01d261ccf89f13,2026-10-06T19:46:54.554794+00:00,0,,,insufficient_comparable_history,,insufficient_comparable_history,4,derived
2091020,Blades of Fire,steam-20261006T194553640385Z-e09f1dd7,steam-service-v1-all-languages-all-purchases-offtopic-filtered,71f84fc093d09b718bec016c8165322f21765a908c0025087d01d261ccf89f13,2026-10-06T19:45:57.292766+00:00,0,,,insufficient_comparable_history,,insufficient_comparable_history,4,derived
2144740,Ghostrunner 2,steam-20261006T194553640385Z-e09f1dd7,steam-service-v1-all-languages-all-purchases-offtopic-filtered,71f84fc093d09b718bec016c8165322f21765a908c0025087d01d261ccf89f13,2026-10-06T19:46:10.520837+00:00,0,,,insufficient_comparable_history,,insufficient_comparable_history,4,derived
2277560,WUCHANG: Fallen Feathers,steam-20261006T194553640385Z-e09f1dd7,steam-service-v1-all-languages-all-purchases-offtopic-filtered,71f84fc093d09b718bec016c8165322f21765a908c0025087d01d261ccf89f13,2026-10-06T19:46:00.763748+00:00,0,,,insufficient_comparable_history,,insufficient_comparable_history,4,derived
2358720,Black Myth: Wukong,steam-20261006T194553640385Z-e09f1dd7,steam-service-v1-all-languages-all-purchases-offtopic-filtered,71f84fc093d09b718bec016c8165322f21765a908c0025087d01d261ccf89f13,2026-10-06T19:46:38.065544+00:00,0,,,insufficient_comparable_history,,insufficient_comparable_history,4,derived
2399420,Le Mans Ultimate,steam-20261006T194553640385Z-e09f1dd7,steam-service-v1-all-languages-all-purchases-offtopic-filtered,71f84fc093d09b718bec016c8165322f21765a908c0025087d01d261ccf89f13,2026-10-06T19:46:25.001693+00:00,0,,,insufficient_comparable_history,,insufficient_comparable_history,4,derived
2933080,Crime Boss: Rockay City,steam-20261006T194553640385Z-e09f1dd7,steam-service-v1-all-languages-all-purchases-offtopic-filtered,71f84fc093d09b718bec016c8165322f21765a908c0025087d01d261ccf89f13,2026-10-06T19:46:06.109698+00:00,0,,,insufficient_comparable_history,,insufficient_comparable_history,4,derived
3058630,Assetto Corsa EVO,steam-20261006T194553640385Z-e09f1dd7,steam-service-v1-all-languages-all-purchases-offtopic-filtered,71f84fc093d09b718bec016c8165322f21765a908c0025087d01d261ccf89f13,2026-10-06T19:46:02.957975+00:00,0,,,insufficient_comparable_history,,insufficient_comparable_history,4,derived
3917090,Assetto Corsa Rally,steam-20261006T194553640385Z-e09f1dd7,steam-service-v1-all-languages-all-purchases-offtopic-filtered,71f84fc093d09b718bec016c8165322f21765a908c0025087d01d261ccf89f13,2026-10-06T19:45:58.495314+00:00,0,,,insufficient_comparable_history,,insufficient_comparable_history,4,derived
