app_id,title,cohort,itad_game_id,identity_status,history_status,price_suitability_status,scope_basis,historical_assignment_status,sku_status,country,currency,shop_id,run_id,since_utc,as_of_utc,retrieved_at_utc,earliest_event_at_utc,latest_event_at_utc,returned_event_count,available_price_state_count,minimum_recorded_price_gbp,maximum_recorded_price_gbp,recorded_discount_sequence_count,coverage_status,commercial_response_status,causal_uplift_status
244210,Assetto Corsa,portfolio,018d937f-0192-714b-abce-17e006566a8d,eligible_app_linked_game_context,returned_events,corroborated_latest_price_context_only,current_ITAD_game_container_Steam_shop_history_historical_app_association_unverified,no_scoped_reassignment_returned_not_independent_continuity_proof,unresolved_history_has_no_package_identifier,GB,GBP,61,itad-history-20261007T001043928750Z-9875a16e,2026-09-15T00:00:00+00:00,2026-10-06T19:47:04.519515+00:00,2026-10-07T00:10:47.170172+00:00,2026-09-24T17:21:01.000000+00:00,2026-10-01T20:11:01.000000+00:00,2,2,3.87,15.49,1,returned_change_log_left_state_unknown,unavailable_no_admitted_historical_response_series,not_identified
365960,rFactor 2,competitor,018d937f-0c9a-73cc-8594-0121e990f137,eligible_app_linked_game_context,returned_events,corroborated_latest_price_context_only,current_ITAD_game_container_Steam_shop_history_historical_app_association_unverified,no_scoped_reassignment_returned_not_independent_continuity_proof,unresolved_history_has_no_package_identifier,GB,GBP,61,itad-history-20261007T001043928750Z-9875a16e,2026-09-15T00:00:00+00:00,2026-10-06T19:47:04.519515+00:00,2026-10-07T00:10:48.745244+00:00,2026-10-01T17:25:01.000000+00:00,2026-10-01T17:25:01.000000+00:00,1,1,3.74,3.74,1,returned_change_log_left_state_unknown,unavailable_no_admitted_historical_response_series,not_identified
460950,Katana ZERO,competitor,018d937f-138d-724f-82bb-f180b2ea819a,eligible_app_linked_game_context,returned_events,corroborated_latest_price_context_only,current_ITAD_game_container_Steam_shop_history_historical_app_association_unverified,no_scoped_reassignment_returned_not_independent_continuity_proof,unresolved_history_has_no_package_identifier,GB,GBP,61,itad-history-20261007T001043928750Z-9875a16e,2026-09-15T00:00:00+00:00,2026-10-06T19:47:04.519515+00:00,2026-10-07T00:10:50.272521+00:00,2026-10-01T18:23:41.000000+00:00,2026-10-01T18:23:41.000000+00:00,1,1,7.67,7.67,1,returned_change_log_left_state_unknown,unavailable_no_admitted_historical_response_series,not_identified
493520,GTFO,competitor,018d937f-35f0-737f-b2ce-be4dedf644e4,eligible_app_linked_game_context,returned_events,corroborated_latest_price_context_only,current_ITAD_game_container_Steam_shop_history_historical_app_association_unverified,no_scoped_reassignment_returned_not_independent_continuity_proof,unresolved_history_has_no_package_identifier,GB,GBP,61,itad-history-20261007T001043928750Z-9875a16e,2026-09-15T00:00:00+00:00,2026-10-06T19:47:04.519515+00:00,2026-10-07T00:10:51.803330+00:00,2026-09-15T17:16:31.000000+00:00,2026-10-01T19:42:48.000000+00:00,2,2,9.44,34.99,1,returned_change_log_left_state_unknown,unavailable_no_admitted_historical_response_series,not_identified
805550,Assetto Corsa Competizione,portfolio,018d937f-3592-70a1-8934-a495c90387a4,eligible_app_linked_game_context,returned_events,corroborated_latest_price_context_only,current_ITAD_game_container_Steam_shop_history_historical_app_association_unverified,no_scoped_reassignment_returned_not_independent_continuity_proof,unresolved_history_has_no_package_identifier,GB,GBP,61,itad-history-20261007T001043928750Z-9875a16e,2026-09-15T00:00:00+00:00,2026-10-06T19:47:04.519515+00:00,2026-10-07T00:10:53.347815+00:00,2026-09-24T17:21:13.000000+00:00,2026-10-01T20:11:22.000000+00:00,2,2,8.74,34.99,1,returned_change_log_left_state_unknown,unavailable_no_admitted_historical_response_series,not_identified
1066890,Automobilista 2,competitor,018d937f-2042-702b-9b2e-0aa16eedc055,eligible_app_linked_game_context,returned_events,corroborated_latest_price_context_only,current_ITAD_game_container_Steam_shop_history_historical_app_association_unverified,no_scoped_reassignment_returned_not_independent_continuity_proof,unresolved_history_has_no_package_identifier,GB,GBP,61,itad-history-20261007T001043928750Z-9875a16e,2026-09-15T00:00:00+00:00,2026-10-06T19:47:04.519515+00:00,2026-10-07T00:10:54.973641+00:00,2026-10-01T18:14:35.000000+00:00,2026-10-01T18:14:35.000000+00:00,1,1,17.49,17.49,1,returned_change_log_left_state_unknown,unavailable_no_admitted_historical_response_series,not_identified
1084160,Jagged Alliance 3,competitor,018d937f-66b1-7299-876a-0a45a35d7b8a,eligible_app_linked_game_context,returned_events,corroborated_latest_price_context_only,current_ITAD_game_container_Steam_shop_history_historical_app_association_unverified,no_scoped_reassignment_returned_not_independent_continuity_proof,unresolved_history_has_no_package_identifier,GB,GBP,61,itad-history-20261007T001043928750Z-9875a16e,2026-09-15T00:00:00+00:00,2026-10-06T19:47:04.519515+00:00,2026-10-07T00:10:56.518347+00:00,2026-09-24T17:20:51.000000+00:00,2026-09-24T17:20:51.000000+00:00,1,1,3.99,3.99,1,returned_change_log_left_state_unknown,unavailable_no_admitted_historical_response_series,not_identified
1139900,Ghostrunner,portfolio,018d937f-09d2-716c-8840-0fb4fde1cfaf,eligible_app_linked_game_context,returned_events,corroborated_latest_price_context_only,current_ITAD_game_container_Steam_shop_history_historical_app_association_unverified,no_scoped_reassignment_returned_not_independent_continuity_proof,unresolved_history_has_no_package_identifier,GB,GBP,61,itad-history-20261007T001043928750Z-9875a16e,2026-09-15T00:00:00+00:00,2026-10-06T19:47:04.519515+00:00,2026-10-07T00:10:58.018352+00:00,2026-09-24T17:21:13.000000+00:00,2026-10-01T20:11:30.000000+00:00,2,2,6.24,24.99,1,returned_change_log_left_state_unknown,unavailable_no_admitted_historical_response_series,not_identified
1144200,Ready or Not,competitor,018d937e-f519-71e5-b1d0-b00cbb24c647,requires_identity_review,not_requested_mapping_unresolved,not_requested_mapping_unresolved,current_ITAD_game_container_Steam_shop_history_historical_app_association_unverified,not_assessed_mapping_unresolved,unresolved_history_has_no_package_identifier,GB,,61,itad-history-20261007T001043928750Z-9875a16e,2026-09-15T00:00:00+00:00,2026-10-06T19:47:04.519515+00:00,,,,,,,,,not_requested_mapping_unresolved,unavailable_no_admitted_historical_response_series,not_identified
1164940,Trepang2,competitor,018d937f-39a4-73cf-aae1-5556a2854277,eligible_app_linked_game_context,returned_events,corroborated_latest_price_context_only,current_ITAD_game_container_Steam_shop_history_historical_app_association_unverified,no_scoped_reassignment_returned_not_independent_continuity_proof,unresolved_history_has_no_package_identifier,GB,GBP,61,itad-history-20261007T001043928750Z-9875a16e,2026-09-15T00:00:00+00:00,2026-10-06T19:47:04.519515+00:00,2026-10-07T00:10:59.555031+00:00,2026-10-01T20:11:30.000000+00:00,2026-10-01T20:11:30.000000+00:00,1,1,6.24,6.24,1,returned_change_log_left_state_unknown,unavailable_no_admitted_historical_response_series,not_identified
1182900,A Plague Tale: Requiem,competitor,018d937f-51d0-71f8-bae2-7721981a7eb0,eligible_app_linked_game_context,returned_events,corroborated_latest_price_context_only,current_ITAD_game_container_Steam_shop_history_historical_app_association_unverified,no_scoped_reassignment_returned_not_independent_continuity_proof,unresolved_history_has_no_package_identifier,GB,GBP,61,itad-history-20261007T001043928750Z-9875a16e,2026-09-15T00:00:00+00:00,2026-10-06T19:47:04.519515+00:00,2026-10-07T00:11:01.049540+00:00,2026-10-01T19:35:35.000000+00:00,2026-10-01T19:35:35.000000+00:00,1,1,13.49,13.49,1,returned_change_log_left_state_unknown,unavailable_no_admitted_historical_response_series,not_identified
1229240,Chained Echoes,competitor,018d937f-3e00-70a8-8b99-a6e8bc510601,eligible_app_linked_game_context,returned_events,corroborated_latest_price_context_only,current_ITAD_game_container_Steam_shop_history_historical_app_association_unverified,no_scoped_reassignment_returned_not_independent_continuity_proof,unresolved_history_has_no_package_identifier,GB,GBP,61,itad-history-20261007T001043928750Z-9875a16e,2026-09-15T00:00:00+00:00,2026-10-06T19:47:04.519515+00:00,2026-10-07T00:11:02.573618+00:00,2026-09-21T17:22:28.000000+00:00,2026-10-01T19:55:10.000000+00:00,2,2,8.74,24.99,1,returned_change_log_left_state_unknown,unavailable_no_admitted_historical_response_series,not_identified
1244090,Sea of Stars,competitor,018d937f-3fe7-7289-9ef9-8e54432b8fab,eligible_app_linked_game_context,returned_events,corroborated_latest_price_context_only,current_ITAD_game_container_Steam_shop_history_historical_app_association_unverified,no_scoped_reassignment_returned_not_independent_continuity_proof,unresolved_history_has_no_package_identifier,GB,GBP,61,itad-history-20261007T001043928750Z-9875a16e,2026-09-15T00:00:00+00:00,2026-10-06T19:47:04.519515+00:00,2026-10-07T00:11:04.054358+00:00,2026-09-21T17:22:33.000000+00:00,2026-10-01T19:54:27.000000+00:00,2,2,14.75,29.5,1,returned_change_log_left_state_unknown,unavailable_no_admitted_historical_response_series,not_identified
1245620,ELDEN RING,competitor,018d937f-590c-728b-ac35-38bcff85f086,eligible_app_linked_game_context,no_returned_events,no_returned_events,current_ITAD_game_container_Steam_shop_history_historical_app_association_unverified,no_scoped_reassignment_returned_not_independent_continuity_proof,unresolved_history_has_no_package_identifier,GB,,61,itad-history-20261007T001043928750Z-9875a16e,2026-09-15T00:00:00+00:00,2026-10-06T19:47:04.519515+00:00,2026-10-07T00:11:05.594655+00:00,,,0,0,,,,empty_returned_log_no_price_state_observed,unavailable_no_admitted_historical_response_series,not_identified
1259420,Days Gone,competitor,018d937f-4ca6-7067-aee5-c1ed89a268f4,eligible_app_linked_game_context,returned_events,corroborated_latest_price_context_only,current_ITAD_game_container_Steam_shop_history_historical_app_association_unverified,no_scoped_reassignment_returned_not_independent_continuity_proof,unresolved_history_has_no_package_identifier,GB,GBP,61,itad-history-20261007T001043928750Z-9875a16e,2026-09-15T00:00:00+00:00,2026-10-06T19:47:04.519515+00:00,2026-10-07T00:11:07.102962+00:00,2026-10-01T17:35:03.000000+00:00,2026-10-01T17:35:03.000000+00:00,1,1,13.99,13.99,1,returned_change_log_left_state_unknown,unavailable_no_admitted_historical_response_series,not_identified
1272080,PAYDAY 3,competitor,018d937f-6b7f-71f5-b1f1-e7cc63ff57e4,eligible_app_linked_game_context,no_returned_events,no_returned_events,current_ITAD_game_container_Steam_shop_history_historical_app_association_unverified,no_scoped_reassignment_returned_not_independent_continuity_proof,unresolved_history_has_no_package_identifier,GB,,61,itad-history-20261007T001043928750Z-9875a16e,2026-09-15T00:00:00+00:00,2026-10-06T19:47:04.519515+00:00,2026-10-07T00:11:08.624224+00:00,,,0,0,,,,empty_returned_log_no_price_state_observed,unavailable_no_admitted_historical_response_series,not_identified
1501750,Lords of the Fallen,competitor,018d937f-18f6-727f-b84d-7870e7ccc341,eligible_app_linked_game_context,returned_events,corroborated_latest_price_context_only,current_ITAD_game_container_Steam_shop_history_historical_app_association_unverified,no_scoped_reassignment_returned_not_independent_continuity_proof,unresolved_history_has_no_package_identifier,GB,GBP,61,itad-history-20261007T001043928750Z-9875a16e,2026-09-15T00:00:00+00:00,2026-10-06T19:47:04.519515+00:00,2026-10-07T00:11:10.170142+00:00,2026-09-24T17:20:58.000000+00:00,2026-09-24T17:20:58.000000+00:00,1,1,8.24,8.24,1,returned_change_log_left_state_unknown,unavailable_no_admitted_historical_response_series,not_identified
1533420,Neon White,competitor,018d937f-4c8c-713d-9e81-deafc79cc4ac,eligible_app_linked_game_context,returned_events,corroborated_latest_price_context_only,current_ITAD_game_container_Steam_shop_history_historical_app_association_unverified,no_scoped_reassignment_returned_not_independent_continuity_proof,unresolved_history_has_no_package_identifier,GB,GBP,61,itad-history-20261007T001043928750Z-9875a16e,2026-09-15T00:00:00+00:00,2026-10-06T19:47:04.519515+00:00,2026-10-07T00:11:11.703048+00:00,2026-10-01T19:04:39.000000+00:00,2026-10-01T19:04:39.000000+00:00,1,1,7.99,7.99,1,returned_change_log_left_state_unknown,unavailable_no_admitted_historical_response_series,not_identified
1627720,Lies of P,competitor,018d937f-506e-72eb-975a-1a5175b622de,eligible_app_linked_game_context,returned_events,corroborated_latest_price_context_only,current_ITAD_game_container_Steam_shop_history_historical_app_association_unverified,no_scoped_reassignment_returned_not_independent_continuity_proof,unresolved_history_has_no_package_identifier,GB,GBP,61,itad-history-20261007T001043928750Z-9875a16e,2026-09-15T00:00:00+00:00,2026-10-06T19:47:04.519515+00:00,2026-10-07T00:11:13.276465+00:00,2026-09-21T17:30:30.000000+00:00,2026-10-01T19:54:30.000000+00:00,2,2,24.99,49.99,1,returned_change_log_left_state_unknown,unavailable_no_admitted_historical_response_series,not_identified
1649010,Miasma Chronicles,portfolio,018d937f-64cb-70c0-af59-7ab80e93fede,eligible_app_linked_game_context,returned_events,corroborated_latest_price_context_only,current_ITAD_game_container_Steam_shop_history_historical_app_association_unverified,no_scoped_reassignment_returned_not_independent_continuity_proof,unresolved_history_has_no_package_identifier,GB,GBP,61,itad-history-20261007T001043928750Z-9875a16e,2026-09-15T00:00:00+00:00,2026-10-06T19:47:04.519515+00:00,2026-10-07T00:11:14.764791+00:00,2026-09-24T17:21:03.000000+00:00,2026-10-01T20:11:40.000000+00:00,2,2,8.99,29.99,1,returned_change_log_left_state_unknown,unavailable_no_admitted_historical_response_series,not_identified
1658280,Eiyuden Chronicle: Hundred Heroes,portfolio,018d937f-51cf-71a2-8359-bde441247ae1,eligible_app_linked_game_context,returned_events,corroborated_latest_price_context_only,current_ITAD_game_container_Steam_shop_history_historical_app_association_unverified,no_scoped_reassignment_returned_not_independent_continuity_proof,unresolved_history_has_no_package_identifier,GB,GBP,61,itad-history-20261007T001043928750Z-9875a16e,2026-09-15T00:00:00+00:00,2026-10-06T19:47:04.519515+00:00,2026-10-07T00:11:16.294069+00:00,2026-09-24T17:21:03.000000+00:00,2026-10-01T20:11:39.000000+00:00,2,2,13.49,44.99,1,returned_change_log_left_state_unknown,unavailable_no_admitted_historical_response_series,not_identified
1849250,EA SPORTS WRC,competitor,018d937f-74da-72f8-9c25-bfe912203123,eligible_app_linked_game_context,returned_events,requires_review_zero_zero_price_context,current_ITAD_game_container_Steam_shop_history_historical_app_association_unverified,no_scoped_reassignment_returned_not_independent_continuity_proof,unresolved_history_has_no_package_identifier,GB,GBP,61,itad-history-20261007T001043928750Z-9875a16e,2026-09-15T00:00:00+00:00,2026-10-06T19:47:04.519515+00:00,2026-10-07T00:11:17.865309+00:00,2026-09-28T17:20:19.000000+00:00,2026-09-28T17:20:19.000000+00:00,1,1,,,,returned_change_log_left_state_unknown,unavailable_no_admitted_historical_response_series,not_identified
1850570,DEATH STRANDING DIRECTOR'S CUT,portfolio,018d937f-5c96-7241-a70f-e8de1c1e0609,eligible_app_linked_game_context,returned_events,corroborated_latest_price_context_only,current_ITAD_game_container_Steam_shop_history_historical_app_association_unverified,no_scoped_reassignment_returned_not_independent_continuity_proof,unresolved_history_has_no_package_identifier,GB,GBP,61,itad-history-20261007T001043928750Z-9875a16e,2026-09-15T00:00:00+00:00,2026-10-06T19:47:04.519515+00:00,2026-10-07T00:11:19.356975+00:00,2026-09-24T17:21:04.000000+00:00,2026-10-01T20:11:26.000000+00:00,2,2,8.74,34.99,1,returned_change_log_left_state_unknown,unavailable_no_admitted_historical_response_series,not_identified
1971650,OCTOPATH TRAVELER II,competitor,018d937f-64ac-7047-aed9-f1a7e64996d5,eligible_app_linked_game_context,returned_events,corroborated_latest_price_context_only,current_ITAD_game_container_Steam_shop_history_historical_app_association_unverified,no_scoped_reassignment_returned_not_independent_continuity_proof,unresolved_history_has_no_package_identifier,GB,GBP,61,itad-history-20261007T001043928750Z-9875a16e,2026-09-15T00:00:00+00:00,2026-10-06T19:47:04.519515+00:00,2026-10-07T00:11:20.883902+00:00,2026-09-18T17:21:51.000000+00:00,2026-09-18T17:21:51.000000+00:00,1,1,19.99,19.99,1,returned_change_log_left_state_unknown,unavailable_no_admitted_historical_response_series,not_identified
2091020,Blades of Fire,portfolio,019548b0-f863-724b-b2d6-74d503b7c57c,eligible_app_linked_game_context,returned_events,corroborated_latest_price_context_only,current_ITAD_game_container_Steam_shop_history_historical_app_association_unverified,no_scoped_reassignment_returned_not_independent_continuity_proof,unresolved_history_has_no_package_identifier,GB,GBP,61,itad-history-20261007T001043928750Z-9875a16e,2026-09-15T00:00:00+00:00,2026-10-06T19:47:04.519515+00:00,2026-10-07T00:11:22.444880+00:00,2026-09-24T17:21:08.000000+00:00,2026-10-01T20:11:36.000000+00:00,2,2,17.49,34.99,1,returned_change_log_left_state_unknown,unavailable_no_admitted_historical_response_series,not_identified
2144740,Ghostrunner 2,portfolio,018d937f-6ee2-70f6-940c-6212ad72feed,eligible_app_linked_game_context,returned_events,corroborated_latest_price_context_only,current_ITAD_game_container_Steam_shop_history_historical_app_association_unverified,no_scoped_reassignment_returned_not_independent_continuity_proof,unresolved_history_has_no_package_identifier,GB,GBP,61,itad-history-20261007T001043928750Z-9875a16e,2026-09-15T00:00:00+00:00,2026-10-06T19:47:04.519515+00:00,2026-10-07T00:11:23.991961+00:00,2026-09-24T17:21:08.000000+00:00,2026-10-01T20:11:26.000000+00:00,2,2,6.99,34.99,1,returned_change_log_left_state_unknown,unavailable_no_admitted_historical_response_series,not_identified
2277560,WUCHANG: Fallen Feathers,portfolio,018ffe84-b793-726b-b5ec-89bae1b0a5a5,eligible_app_linked_game_context,returned_events,corroborated_latest_price_context_only,current_ITAD_game_container_Steam_shop_history_historical_app_association_unverified,no_scoped_reassignment_returned_not_independent_continuity_proof,unresolved_history_has_no_package_identifier,GB,GBP,61,itad-history-20261007T001043928750Z-9875a16e,2026-09-15T00:00:00+00:00,2026-10-06T19:47:04.519515+00:00,2026-10-07T00:11:25.535797+00:00,2026-09-24T17:21:08.000000+00:00,2026-10-01T20:11:40.000000+00:00,2,2,31.49,44.99,1,returned_change_log_left_state_unknown,unavailable_no_admitted_historical_response_series,not_identified
2358720,Black Myth: Wukong,competitor,018d937f-7456-7396-b192-9e1866e209bb,eligible_app_linked_game_context,no_returned_events,no_returned_events,current_ITAD_game_container_Steam_shop_history_historical_app_association_unverified,no_scoped_reassignment_returned_not_independent_continuity_proof,unresolved_history_has_no_package_identifier,GB,,61,itad-history-20261007T001043928750Z-9875a16e,2026-09-15T00:00:00+00:00,2026-10-06T19:47:04.519515+00:00,2026-10-07T00:11:27.073742+00:00,,,0,0,,,,empty_returned_log_no_price_state_observed,unavailable_no_admitted_historical_response_series,not_identified
2399420,Le Mans Ultimate,competitor,018d937f-6fcf-72c1-9e8c-98fe1d413248,eligible_app_linked_game_context,returned_events,corroborated_latest_price_context_only,current_ITAD_game_container_Steam_shop_history_historical_app_association_unverified,no_scoped_reassignment_returned_not_independent_continuity_proof,unresolved_history_has_no_package_identifier,GB,GBP,61,itad-history-20261007T001043928750Z-9875a16e,2026-09-15T00:00:00+00:00,2026-10-06T19:47:04.519515+00:00,2026-10-07T00:11:28.567068+00:00,2026-09-28T17:20:21.000000+00:00,2026-10-01T20:21:15.000000+00:00,2,2,18.14,32.99,1,returned_change_log_left_state_unknown,unavailable_no_admitted_historical_response_series,not_identified
2933080,Crime Boss: Rockay City,portfolio,018d937f-6b77-722b-8602-205dfaea0551,eligible_app_linked_game_context,returned_events,corroborated_latest_price_context_only,current_ITAD_game_container_Steam_shop_history_historical_app_association_unverified,no_scoped_reassignment_returned_not_independent_continuity_proof,unresolved_history_has_no_package_identifier,GB,GBP,61,itad-history-20261007T001043928750Z-9875a16e,2026-09-15T00:00:00+00:00,2026-10-06T19:47:04.519515+00:00,2026-10-07T00:11:30.114474+00:00,2026-09-24T17:21:24.000000+00:00,2026-10-01T20:11:17.000000+00:00,2,2,1.59,15.99,1,returned_change_log_left_state_unknown,unavailable_no_admitted_historical_response_series,not_identified
3058630,Assetto Corsa EVO,portfolio,019059c8-7182-70d7-9c18-fbf918a46a72,eligible_app_linked_game_context,returned_events,corroborated_latest_price_context_only,current_ITAD_game_container_Steam_shop_history_historical_app_association_unverified,no_scoped_reassignment_returned_not_independent_continuity_proof,unresolved_history_has_no_package_identifier,GB,GBP,61,itad-history-20261007T001043928750Z-9875a16e,2026-09-15T00:00:00+00:00,2026-10-06T19:47:04.519515+00:00,2026-10-07T00:11:31.632731+00:00,2026-09-24T17:21:24.000000+00:00,2026-10-01T20:11:11.000000+00:00,2,2,26.39,32.99,1,returned_change_log_left_state_unknown,unavailable_no_admitted_historical_response_series,not_identified
3917090,Assetto Corsa Rally,portfolio,0199f12f-47b6-73c2-92fc-1c6e5e7ce03b,eligible_app_linked_game_context,returned_events,corroborated_latest_price_context_only,current_ITAD_game_container_Steam_shop_history_historical_app_association_unverified,no_scoped_reassignment_returned_not_independent_continuity_proof,unresolved_history_has_no_package_identifier,GB,GBP,61,itad-history-20261007T001043928750Z-9875a16e,2026-09-15T00:00:00+00:00,2026-10-06T19:47:04.519515+00:00,2026-10-07T00:11:33.159449+00:00,2026-09-24T09:15:26.000000+00:00,2026-10-01T20:03:51.000000+00:00,2,2,19.99,24.99,1,returned_change_log_left_state_unknown,unavailable_no_admitted_historical_response_series,not_identified
