app_id,start_at_utc,minimum_price_minor,maximum_discount_percent,distinct_price_state_count,start_status,end_at_utc,end_status,duration_days,interpretation,sequence_id,title,source_run_id,product_basis,country,currency,shop_id,pre_player_dates,during_player_dates,post_player_dates,pre_review_dates,during_review_dates,post_review_dates,player_response_change_percent,review_response_change_per_day,response_status,causal_uplift_status,price_suitability_status
244210,2026-10-01T20:11:01+00:00,387,75.0161,1,observed_state_transition,,open_at_analysis_cutoff,,derived_recorded_discount_sequence_not_verified_campaign,244210-1,Assetto Corsa,itad-history-20261007T001043928750Z-9875a16e,current_ITAD_game_container_Steam_shop_history_historical_app_association_unverified,GB,GBP,61,0,1,,0,1,,,,unavailable_snapshot_only_unresolved_sku,not_identified,corroborated_latest_price_context_only
365960,2026-10-01T17:25:01+00:00,374,85.034,1,first_returned_event_left_censored,,open_at_analysis_cutoff,,derived_recorded_discount_sequence_not_verified_campaign,365960-1,rFactor 2,itad-history-20261007T001043928750Z-9875a16e,current_ITAD_game_container_Steam_shop_history_historical_app_association_unverified,GB,GBP,61,0,1,,0,1,,,,unavailable_snapshot_only_unresolved_sku,not_identified,corroborated_latest_price_context_only
460950,2026-10-01T18:23:41+00:00,767,40.0313,1,first_returned_event_left_censored,,open_at_analysis_cutoff,,derived_recorded_discount_sequence_not_verified_campaign,460950-1,Katana ZERO,itad-history-20261007T001043928750Z-9875a16e,current_ITAD_game_container_Steam_shop_history_historical_app_association_unverified,GB,GBP,61,0,1,,0,1,,,,unavailable_snapshot_only_unresolved_sku,not_identified,corroborated_latest_price_context_only
493520,2026-10-01T19:42:48+00:00,944,73.0209,1,observed_state_transition,,open_at_analysis_cutoff,,derived_recorded_discount_sequence_not_verified_campaign,493520-1,GTFO,itad-history-20261007T001043928750Z-9875a16e,current_ITAD_game_container_Steam_shop_history_historical_app_association_unverified,GB,GBP,61,0,1,,0,1,,,,unavailable_snapshot_only_unresolved_sku,not_identified,corroborated_latest_price_context_only
805550,2026-10-01T20:11:22+00:00,874,75.0214,1,observed_state_transition,,open_at_analysis_cutoff,,derived_recorded_discount_sequence_not_verified_campaign,805550-1,Assetto Corsa Competizione,itad-history-20261007T001043928750Z-9875a16e,current_ITAD_game_container_Steam_shop_history_historical_app_association_unverified,GB,GBP,61,0,1,,0,1,,,,unavailable_snapshot_only_unresolved_sku,not_identified,corroborated_latest_price_context_only
1066890,2026-10-01T18:14:35+00:00,1749,50.0143,1,first_returned_event_left_censored,,open_at_analysis_cutoff,,derived_recorded_discount_sequence_not_verified_campaign,1066890-1,Automobilista 2,itad-history-20261007T001043928750Z-9875a16e,current_ITAD_game_container_Steam_shop_history_historical_app_association_unverified,GB,GBP,61,0,1,,0,1,,,,unavailable_snapshot_only_unresolved_sku,not_identified,corroborated_latest_price_context_only
1084160,2026-09-24T17:20:51+00:00,399,90.0225,1,first_returned_event_left_censored,,open_at_analysis_cutoff,,derived_recorded_discount_sequence_not_verified_campaign,1084160-1,Jagged Alliance 3,itad-history-20261007T001043928750Z-9875a16e,current_ITAD_game_container_Steam_shop_history_historical_app_association_unverified,GB,GBP,61,0,1,,0,1,,,,unavailable_snapshot_only_unresolved_sku,not_identified,corroborated_latest_price_context_only
1139900,2026-10-01T20:11:30+00:00,624,75.03,1,observed_state_transition,,open_at_analysis_cutoff,,derived_recorded_discount_sequence_not_verified_campaign,1139900-1,Ghostrunner,itad-history-20261007T001043928750Z-9875a16e,current_ITAD_game_container_Steam_shop_history_historical_app_association_unverified,GB,GBP,61,0,1,,0,1,,,,unavailable_snapshot_only_unresolved_sku,not_identified,corroborated_latest_price_context_only
1164940,2026-10-01T20:11:30+00:00,624,75.03,1,first_returned_event_left_censored,,open_at_analysis_cutoff,,derived_recorded_discount_sequence_not_verified_campaign,1164940-1,Trepang2,itad-history-20261007T001043928750Z-9875a16e,current_ITAD_game_container_Steam_shop_history_historical_app_association_unverified,GB,GBP,61,0,1,,0,1,,,,unavailable_snapshot_only_unresolved_sku,not_identified,corroborated_latest_price_context_only
1182900,2026-10-01T19:35:35+00:00,1349,70.0156,1,first_returned_event_left_censored,,open_at_analysis_cutoff,,derived_recorded_discount_sequence_not_verified_campaign,1182900-1,A Plague Tale: Requiem,itad-history-20261007T001043928750Z-9875a16e,current_ITAD_game_container_Steam_shop_history_historical_app_association_unverified,GB,GBP,61,0,1,,0,1,,,,unavailable_snapshot_only_unresolved_sku,not_identified,corroborated_latest_price_context_only
1229240,2026-10-01T19:55:10+00:00,874,65.026,1,observed_state_transition,,open_at_analysis_cutoff,,derived_recorded_discount_sequence_not_verified_campaign,1229240-1,Chained Echoes,itad-history-20261007T001043928750Z-9875a16e,current_ITAD_game_container_Steam_shop_history_historical_app_association_unverified,GB,GBP,61,0,1,,0,1,,,,unavailable_snapshot_only_unresolved_sku,not_identified,corroborated_latest_price_context_only
1244090,2026-10-01T19:54:27+00:00,1475,50.0,1,observed_state_transition,,open_at_analysis_cutoff,,derived_recorded_discount_sequence_not_verified_campaign,1244090-1,Sea of Stars,itad-history-20261007T001043928750Z-9875a16e,current_ITAD_game_container_Steam_shop_history_historical_app_association_unverified,GB,GBP,61,0,1,,0,1,,,,unavailable_snapshot_only_unresolved_sku,not_identified,corroborated_latest_price_context_only
1259420,2026-10-01T17:35:03+00:00,1399,60.0171,1,first_returned_event_left_censored,,open_at_analysis_cutoff,,derived_recorded_discount_sequence_not_verified_campaign,1259420-1,Days Gone,itad-history-20261007T001043928750Z-9875a16e,current_ITAD_game_container_Steam_shop_history_historical_app_association_unverified,GB,GBP,61,0,1,,0,1,,,,unavailable_snapshot_only_unresolved_sku,not_identified,corroborated_latest_price_context_only
1501750,2026-09-24T17:20:58+00:00,824,67.0268,1,first_returned_event_left_censored,,open_at_analysis_cutoff,,derived_recorded_discount_sequence_not_verified_campaign,1501750-1,Lords of the Fallen,itad-history-20261007T001043928750Z-9875a16e,current_ITAD_game_container_Steam_shop_history_historical_app_association_unverified,GB,GBP,61,0,1,,0,1,,,,unavailable_snapshot_only_unresolved_sku,not_identified,corroborated_latest_price_context_only
1533420,2026-10-01T19:04:39+00:00,799,60.03,1,first_returned_event_left_censored,,open_at_analysis_cutoff,,derived_recorded_discount_sequence_not_verified_campaign,1533420-1,Neon White,itad-history-20261007T001043928750Z-9875a16e,current_ITAD_game_container_Steam_shop_history_historical_app_association_unverified,GB,GBP,61,0,1,,0,1,,,,unavailable_snapshot_only_unresolved_sku,not_identified,corroborated_latest_price_context_only
1627720,2026-10-01T19:54:30+00:00,2499,50.01,1,observed_state_transition,,open_at_analysis_cutoff,,derived_recorded_discount_sequence_not_verified_campaign,1627720-1,Lies of P,itad-history-20261007T001043928750Z-9875a16e,current_ITAD_game_container_Steam_shop_history_historical_app_association_unverified,GB,GBP,61,0,1,,0,1,,,,unavailable_snapshot_only_unresolved_sku,not_identified,corroborated_latest_price_context_only
1649010,2026-10-01T20:11:40+00:00,899,70.0233,1,observed_state_transition,,open_at_analysis_cutoff,,derived_recorded_discount_sequence_not_verified_campaign,1649010-1,Miasma Chronicles,itad-history-20261007T001043928750Z-9875a16e,current_ITAD_game_container_Steam_shop_history_historical_app_association_unverified,GB,GBP,61,0,1,,0,1,,,,unavailable_snapshot_only_unresolved_sku,not_identified,corroborated_latest_price_context_only
1658280,2026-10-01T20:11:39+00:00,1349,70.0156,1,observed_state_transition,,open_at_analysis_cutoff,,derived_recorded_discount_sequence_not_verified_campaign,1658280-1,Eiyuden Chronicle: Hundred Heroes,itad-history-20261007T001043928750Z-9875a16e,current_ITAD_game_container_Steam_shop_history_historical_app_association_unverified,GB,GBP,61,0,1,,0,1,,,,unavailable_snapshot_only_unresolved_sku,not_identified,corroborated_latest_price_context_only
1850570,2026-10-01T20:11:26+00:00,874,75.0214,1,observed_state_transition,,open_at_analysis_cutoff,,derived_recorded_discount_sequence_not_verified_campaign,1850570-1,DEATH STRANDING DIRECTOR'S CUT,itad-history-20261007T001043928750Z-9875a16e,current_ITAD_game_container_Steam_shop_history_historical_app_association_unverified,GB,GBP,61,0,1,,0,1,,,,unavailable_snapshot_only_unresolved_sku,not_identified,corroborated_latest_price_context_only
1971650,2026-09-18T17:21:51+00:00,1999,60.012,1,first_returned_event_left_censored,,open_at_analysis_cutoff,,derived_recorded_discount_sequence_not_verified_campaign,1971650-1,OCTOPATH TRAVELER II,itad-history-20261007T001043928750Z-9875a16e,current_ITAD_game_container_Steam_shop_history_historical_app_association_unverified,GB,GBP,61,0,1,,0,1,,,,unavailable_snapshot_only_unresolved_sku,not_identified,corroborated_latest_price_context_only
2091020,2026-10-01T20:11:36+00:00,1749,50.0143,1,observed_state_transition,,open_at_analysis_cutoff,,derived_recorded_discount_sequence_not_verified_campaign,2091020-1,Blades of Fire,itad-history-20261007T001043928750Z-9875a16e,current_ITAD_game_container_Steam_shop_history_historical_app_association_unverified,GB,GBP,61,0,1,,0,1,,,,unavailable_snapshot_only_unresolved_sku,not_identified,corroborated_latest_price_context_only
2144740,2026-10-01T20:11:26+00:00,699,80.0229,1,observed_state_transition,,open_at_analysis_cutoff,,derived_recorded_discount_sequence_not_verified_campaign,2144740-1,Ghostrunner 2,itad-history-20261007T001043928750Z-9875a16e,current_ITAD_game_container_Steam_shop_history_historical_app_association_unverified,GB,GBP,61,0,1,,0,1,,,,unavailable_snapshot_only_unresolved_sku,not_identified,corroborated_latest_price_context_only
2277560,2026-10-01T20:11:40+00:00,3149,30.0067,1,observed_state_transition,,open_at_analysis_cutoff,,derived_recorded_discount_sequence_not_verified_campaign,2277560-1,WUCHANG: Fallen Feathers,itad-history-20261007T001043928750Z-9875a16e,current_ITAD_game_container_Steam_shop_history_historical_app_association_unverified,GB,GBP,61,0,1,,0,1,,,,unavailable_snapshot_only_unresolved_sku,not_identified,corroborated_latest_price_context_only
2399420,2026-10-01T20:21:15+00:00,1814,45.0136,1,observed_state_transition,,open_at_analysis_cutoff,,derived_recorded_discount_sequence_not_verified_campaign,2399420-1,Le Mans Ultimate,itad-history-20261007T001043928750Z-9875a16e,current_ITAD_game_container_Steam_shop_history_historical_app_association_unverified,GB,GBP,61,0,1,,0,1,,,,unavailable_snapshot_only_unresolved_sku,not_identified,corroborated_latest_price_context_only
2933080,2026-10-01T20:11:17+00:00,159,90.0563,1,observed_state_transition,,open_at_analysis_cutoff,,derived_recorded_discount_sequence_not_verified_campaign,2933080-1,Crime Boss: Rockay City,itad-history-20261007T001043928750Z-9875a16e,current_ITAD_game_container_Steam_shop_history_historical_app_association_unverified,GB,GBP,61,0,1,,0,1,,,,unavailable_snapshot_only_unresolved_sku,not_identified,corroborated_latest_price_context_only
3058630,2026-10-01T20:11:11+00:00,2639,20.0061,1,observed_state_transition,,open_at_analysis_cutoff,,derived_recorded_discount_sequence_not_verified_campaign,3058630-1,Assetto Corsa EVO,itad-history-20261007T001043928750Z-9875a16e,current_ITAD_game_container_Steam_shop_history_historical_app_association_unverified,GB,GBP,61,0,1,,0,1,,,,unavailable_snapshot_only_unresolved_sku,not_identified,corroborated_latest_price_context_only
3917090,2026-10-01T20:03:51+00:00,1999,20.008,1,observed_state_transition,,open_at_analysis_cutoff,,derived_recorded_discount_sequence_not_verified_campaign,3917090-1,Assetto Corsa Rally,itad-history-20261007T001043928750Z-9875a16e,current_ITAD_game_container_Steam_shop_history_historical_app_association_unverified,GB,GBP,61,0,1,,0,1,,,,unavailable_snapshot_only_unresolved_sku,not_identified,corroborated_latest_price_context_only
