app_id,title,creation_cohort,language_suitability_status,creation_start_utc,creation_end_utc,returned_review_count,initial_source_matching_count,coverage_status,positive_recommendations,negative_recommendations,observed_recommendation_percent,screenable_text_count,short_text_count,edited_after_creation_window_count,steam_purchase_count,received_for_free_count,early_access_count,refunded_flag_count,interpretation
244210,Assetto Corsa,prior,Steam_label_not_independently_verified_text_language,2026-08-08T15:00:01+00:00,2026-09-07T15:00:00+00:00,490,490,capped_latest_creation_sample,453,37,92.449,226,264,4,378,8,0,2,retrieved_creation_cohort_state_not_historical_recommendation_or_text_snapshot
244210,Assetto Corsa,recent,Steam_label_not_independently_verified_text_language,2026-09-07T15:00:01+00:00,2026-10-07T15:00:00+00:00,500,613,capped_latest_creation_sample,468,32,93.6,227,273,0,429,9,0,6,retrieved_creation_cohort_state_not_historical_recommendation_or_text_snapshot
805550,Assetto Corsa Competizione,prior,Steam_label_not_independently_verified_text_language,2026-08-08T15:00:01+00:00,2026-09-07T15:00:00+00:00,149,149,complete_returned_creation_cohort,138,11,92.6174,85,64,0,119,0,0,1,retrieved_creation_cohort_state_not_historical_recommendation_or_text_snapshot
805550,Assetto Corsa Competizione,recent,Steam_label_not_independently_verified_text_language,2026-09-07T15:00:01+00:00,2026-10-07T15:00:00+00:00,217,217,complete_returned_creation_cohort,199,18,91.7051,109,108,0,177,3,0,3,retrieved_creation_cohort_state_not_historical_recommendation_or_text_snapshot
1139900,Ghostrunner,prior,Steam_label_not_independently_verified_text_language,2026-08-08T15:00:01+00:00,2026-09-07T15:00:00+00:00,71,71,complete_returned_creation_cohort,61,10,85.9155,58,13,0,57,3,0,1,retrieved_creation_cohort_state_not_historical_recommendation_or_text_snapshot
1139900,Ghostrunner,recent,Steam_label_not_independently_verified_text_language,2026-09-07T15:00:01+00:00,2026-10-07T15:00:00+00:00,73,73,complete_returned_creation_cohort,61,12,83.5616,56,17,0,59,2,0,0,retrieved_creation_cohort_state_not_historical_recommendation_or_text_snapshot
1649010,Miasma Chronicles,prior,Steam_label_not_independently_verified_text_language,2026-08-08T15:00:01+00:00,2026-09-07T15:00:00+00:00,11,11,complete_returned_creation_cohort,11,0,100.0,8,3,0,7,0,0,0,retrieved_creation_cohort_state_not_historical_recommendation_or_text_snapshot
1649010,Miasma Chronicles,recent,Steam_label_not_independently_verified_text_language,2026-09-07T15:00:01+00:00,2026-10-07T15:00:00+00:00,23,23,complete_returned_creation_cohort,15,8,65.2174,21,2,0,11,0,0,0,retrieved_creation_cohort_state_not_historical_recommendation_or_text_snapshot
1658280,Eiyuden Chronicle: Hundred Heroes,prior,Steam_label_not_independently_verified_text_language,2026-08-08T15:00:01+00:00,2026-09-07T15:00:00+00:00,11,11,complete_returned_creation_cohort,6,5,54.5455,7,4,0,7,1,0,0,retrieved_creation_cohort_state_not_historical_recommendation_or_text_snapshot
1658280,Eiyuden Chronicle: Hundred Heroes,recent,Steam_label_not_independently_verified_text_language,2026-09-07T15:00:01+00:00,2026-10-07T15:00:00+00:00,21,21,complete_returned_creation_cohort,15,6,71.4286,20,1,0,15,0,0,0,retrieved_creation_cohort_state_not_historical_recommendation_or_text_snapshot
1850570,DEATH STRANDING DIRECTOR'S CUT,prior,Steam_label_not_independently_verified_text_language,2026-08-08T15:00:01+00:00,2026-09-07T15:00:00+00:00,255,255,complete_returned_creation_cohort,217,38,85.098,193,62,4,193,0,0,0,retrieved_creation_cohort_state_not_historical_recommendation_or_text_snapshot
1850570,DEATH STRANDING DIRECTOR'S CUT,recent,Steam_label_not_independently_verified_text_language,2026-09-07T15:00:01+00:00,2026-10-07T15:00:00+00:00,499,541,capped_latest_creation_sample,428,71,85.7715,359,140,0,435,2,0,1,retrieved_creation_cohort_state_not_historical_recommendation_or_text_snapshot
2091020,Blades of Fire,prior,Steam_label_not_independently_verified_text_language,2026-08-08T15:00:01+00:00,2026-09-07T15:00:00+00:00,12,12,complete_returned_creation_cohort,6,6,50.0,12,0,1,8,0,0,0,retrieved_creation_cohort_state_not_historical_recommendation_or_text_snapshot
2091020,Blades of Fire,recent,Steam_label_not_independently_verified_text_language,2026-09-07T15:00:01+00:00,2026-10-07T15:00:00+00:00,22,22,complete_returned_creation_cohort,12,10,54.5455,20,2,0,19,0,0,0,retrieved_creation_cohort_state_not_historical_recommendation_or_text_snapshot
2144740,Ghostrunner 2,prior,Steam_label_not_independently_verified_text_language,2026-08-08T15:00:01+00:00,2026-09-07T15:00:00+00:00,39,39,complete_returned_creation_cohort,27,12,69.2308,34,5,0,35,0,0,1,retrieved_creation_cohort_state_not_historical_recommendation_or_text_snapshot
2144740,Ghostrunner 2,recent,Steam_label_not_independently_verified_text_language,2026-09-07T15:00:01+00:00,2026-10-07T15:00:00+00:00,41,41,complete_returned_creation_cohort,30,11,73.1707,35,6,0,34,0,0,0,retrieved_creation_cohort_state_not_historical_recommendation_or_text_snapshot
2277560,WUCHANG: Fallen Feathers,prior,Steam_label_not_independently_verified_text_language,2026-08-08T15:00:01+00:00,2026-09-07T15:00:00+00:00,157,157,complete_returned_creation_cohort,130,27,82.8025,121,36,3,104,2,0,2,retrieved_creation_cohort_state_not_historical_recommendation_or_text_snapshot
2277560,WUCHANG: Fallen Feathers,recent,Steam_label_not_independently_verified_text_language,2026-09-07T15:00:01+00:00,2026-10-07T15:00:00+00:00,134,134,complete_returned_creation_cohort,100,34,74.6269,114,20,0,95,0,0,2,retrieved_creation_cohort_state_not_historical_recommendation_or_text_snapshot
2933080,Crime Boss: Rockay City,prior,Steam_label_not_independently_verified_text_language,2026-08-08T15:00:01+00:00,2026-09-07T15:00:00+00:00,91,91,complete_returned_creation_cohort,67,24,73.6264,83,8,3,64,0,0,0,retrieved_creation_cohort_state_not_historical_recommendation_or_text_snapshot
2933080,Crime Boss: Rockay City,recent,Steam_label_not_independently_verified_text_language,2026-09-07T15:00:01+00:00,2026-10-07T15:00:00+00:00,117,117,complete_returned_creation_cohort,74,43,63.2479,94,23,0,80,23,0,2,retrieved_creation_cohort_state_not_historical_recommendation_or_text_snapshot
3058630,Assetto Corsa EVO,prior,Steam_label_not_independently_verified_text_language,2026-08-08T15:00:01+00:00,2026-09-07T15:00:00+00:00,181,181,complete_returned_creation_cohort,94,87,51.9337,141,40,7,146,1,181,0,retrieved_creation_cohort_state_not_historical_recommendation_or_text_snapshot
3058630,Assetto Corsa EVO,recent,Steam_label_not_independently_verified_text_language,2026-09-07T15:00:01+00:00,2026-10-07T15:00:00+00:00,165,165,complete_returned_creation_cohort,92,73,55.7576,135,30,0,124,0,165,3,retrieved_creation_cohort_state_not_historical_recommendation_or_text_snapshot
3917090,Assetto Corsa Rally,prior,Steam_label_not_independently_verified_text_language,2026-08-08T15:00:01+00:00,2026-09-07T15:00:00+00:00,86,86,complete_returned_creation_cohort,69,17,80.2326,69,17,3,67,0,86,2,retrieved_creation_cohort_state_not_historical_recommendation_or_text_snapshot
3917090,Assetto Corsa Rally,recent,Steam_label_not_independently_verified_text_language,2026-09-07T15:00:01+00:00,2026-10-07T15:00:00+00:00,207,207,complete_returned_creation_cohort,163,44,78.744,171,36,0,173,0,207,5,retrieved_creation_cohort_state_not_historical_recommendation_or_text_snapshot
