app_id,title,creation_cohort,language_suitability_status,theme,screenable_text_count,keyword_matched_review_count,keyword_match_percent,matched_positive_recommendations,matched_negative_recommendations,coverage_status,classification_status,confirmed_concern_prevalence_percent,theme_change_percent
244210,Assetto Corsa,prior,Steam_label_not_independently_verified_text_language,performance,226,9,3.9823,7,2,capped_latest_creation_sample,provisional_keyword_screening_not_aspect_sentiment,,
244210,Assetto Corsa,prior,Steam_label_not_independently_verified_text_language,value,226,10,4.4248,10,0,capped_latest_creation_sample,provisional_keyword_screening_not_aspect_sentiment,,
244210,Assetto Corsa,prior,Steam_label_not_independently_verified_text_language,content,226,22,9.7345,20,2,capped_latest_creation_sample,provisional_keyword_screening_not_aspect_sentiment,,
244210,Assetto Corsa,prior,Steam_label_not_independently_verified_text_language,controls,226,28,12.3894,17,11,capped_latest_creation_sample,provisional_keyword_screening_not_aspect_sentiment,,
244210,Assetto Corsa,prior,Steam_label_not_independently_verified_text_language,difficulty,226,10,4.4248,8,2,capped_latest_creation_sample,provisional_keyword_screening_not_aspect_sentiment,,
244210,Assetto Corsa,prior,Steam_label_not_independently_verified_text_language,updates,226,3,1.3274,2,1,capped_latest_creation_sample,provisional_keyword_screening_not_aspect_sentiment,,
244210,Assetto Corsa,recent,Steam_label_not_independently_verified_text_language,performance,227,8,3.5242,7,1,capped_latest_creation_sample,provisional_keyword_screening_not_aspect_sentiment,,
244210,Assetto Corsa,recent,Steam_label_not_independently_verified_text_language,value,227,9,3.9648,7,2,capped_latest_creation_sample,provisional_keyword_screening_not_aspect_sentiment,,
244210,Assetto Corsa,recent,Steam_label_not_independently_verified_text_language,content,227,19,8.37,17,2,capped_latest_creation_sample,provisional_keyword_screening_not_aspect_sentiment,,
244210,Assetto Corsa,recent,Steam_label_not_independently_verified_text_language,controls,227,22,9.6916,17,5,capped_latest_creation_sample,provisional_keyword_screening_not_aspect_sentiment,,
244210,Assetto Corsa,recent,Steam_label_not_independently_verified_text_language,difficulty,227,12,5.2863,11,1,capped_latest_creation_sample,provisional_keyword_screening_not_aspect_sentiment,,
244210,Assetto Corsa,recent,Steam_label_not_independently_verified_text_language,updates,227,3,1.3216,2,1,capped_latest_creation_sample,provisional_keyword_screening_not_aspect_sentiment,,
805550,Assetto Corsa Competizione,prior,Steam_label_not_independently_verified_text_language,performance,85,2,2.3529,2,0,complete_returned_creation_cohort,provisional_keyword_screening_not_aspect_sentiment,,
805550,Assetto Corsa Competizione,prior,Steam_label_not_independently_verified_text_language,value,85,4,4.7059,4,0,complete_returned_creation_cohort,provisional_keyword_screening_not_aspect_sentiment,,
805550,Assetto Corsa Competizione,prior,Steam_label_not_independently_verified_text_language,content,85,2,2.3529,1,1,complete_returned_creation_cohort,provisional_keyword_screening_not_aspect_sentiment,,
805550,Assetto Corsa Competizione,prior,Steam_label_not_independently_verified_text_language,controls,85,9,10.5882,6,3,complete_returned_creation_cohort,provisional_keyword_screening_not_aspect_sentiment,,
805550,Assetto Corsa Competizione,prior,Steam_label_not_independently_verified_text_language,difficulty,85,5,5.8824,5,0,complete_returned_creation_cohort,provisional_keyword_screening_not_aspect_sentiment,,
805550,Assetto Corsa Competizione,prior,Steam_label_not_independently_verified_text_language,updates,85,3,3.5294,3,0,complete_returned_creation_cohort,provisional_keyword_screening_not_aspect_sentiment,,
805550,Assetto Corsa Competizione,recent,Steam_label_not_independently_verified_text_language,performance,109,5,4.5872,4,1,complete_returned_creation_cohort,provisional_keyword_screening_not_aspect_sentiment,,
805550,Assetto Corsa Competizione,recent,Steam_label_not_independently_verified_text_language,value,109,8,7.3394,7,1,complete_returned_creation_cohort,provisional_keyword_screening_not_aspect_sentiment,,
805550,Assetto Corsa Competizione,recent,Steam_label_not_independently_verified_text_language,content,109,5,4.5872,3,2,complete_returned_creation_cohort,provisional_keyword_screening_not_aspect_sentiment,,
805550,Assetto Corsa Competizione,recent,Steam_label_not_independently_verified_text_language,controls,109,11,10.0917,8,3,complete_returned_creation_cohort,provisional_keyword_screening_not_aspect_sentiment,,
805550,Assetto Corsa Competizione,recent,Steam_label_not_independently_verified_text_language,difficulty,109,7,6.422,7,0,complete_returned_creation_cohort,provisional_keyword_screening_not_aspect_sentiment,,
805550,Assetto Corsa Competizione,recent,Steam_label_not_independently_verified_text_language,updates,109,1,0.9174,1,0,complete_returned_creation_cohort,provisional_keyword_screening_not_aspect_sentiment,,
1139900,Ghostrunner,prior,Steam_label_not_independently_verified_text_language,performance,58,4,6.8966,3,1,complete_returned_creation_cohort,provisional_keyword_screening_not_aspect_sentiment,,
1139900,Ghostrunner,prior,Steam_label_not_independently_verified_text_language,value,58,5,8.6207,5,0,complete_returned_creation_cohort,provisional_keyword_screening_not_aspect_sentiment,,
1139900,Ghostrunner,prior,Steam_label_not_independently_verified_text_language,content,58,13,22.4138,9,4,complete_returned_creation_cohort,provisional_keyword_screening_not_aspect_sentiment,,
1139900,Ghostrunner,prior,Steam_label_not_independently_verified_text_language,controls,58,1,1.7241,1,0,complete_returned_creation_cohort,provisional_keyword_screening_not_aspect_sentiment,,
1139900,Ghostrunner,prior,Steam_label_not_independently_verified_text_language,difficulty,58,24,41.3793,20,4,complete_returned_creation_cohort,provisional_keyword_screening_not_aspect_sentiment,,
1139900,Ghostrunner,prior,Steam_label_not_independently_verified_text_language,updates,58,0,0.0,0,0,complete_returned_creation_cohort,provisional_keyword_screening_not_aspect_sentiment,,
1139900,Ghostrunner,recent,Steam_label_not_independently_verified_text_language,performance,56,2,3.5714,1,1,complete_returned_creation_cohort,provisional_keyword_screening_not_aspect_sentiment,,
1139900,Ghostrunner,recent,Steam_label_not_independently_verified_text_language,value,56,6,10.7143,5,1,complete_returned_creation_cohort,provisional_keyword_screening_not_aspect_sentiment,,
1139900,Ghostrunner,recent,Steam_label_not_independently_verified_text_language,content,56,12,21.4286,12,0,complete_returned_creation_cohort,provisional_keyword_screening_not_aspect_sentiment,,
1139900,Ghostrunner,recent,Steam_label_not_independently_verified_text_language,controls,56,2,3.5714,0,2,complete_returned_creation_cohort,provisional_keyword_screening_not_aspect_sentiment,,
1139900,Ghostrunner,recent,Steam_label_not_independently_verified_text_language,difficulty,56,17,30.3571,11,6,complete_returned_creation_cohort,provisional_keyword_screening_not_aspect_sentiment,,
1139900,Ghostrunner,recent,Steam_label_not_independently_verified_text_language,updates,56,2,3.5714,2,0,complete_returned_creation_cohort,provisional_keyword_screening_not_aspect_sentiment,,
1649010,Miasma Chronicles,prior,Steam_label_not_independently_verified_text_language,performance,8,0,0.0,0,0,complete_returned_creation_cohort,provisional_keyword_screening_not_aspect_sentiment,,
1649010,Miasma Chronicles,prior,Steam_label_not_independently_verified_text_language,value,8,1,12.5,1,0,complete_returned_creation_cohort,provisional_keyword_screening_not_aspect_sentiment,,
1649010,Miasma Chronicles,prior,Steam_label_not_independently_verified_text_language,content,8,4,50.0,4,0,complete_returned_creation_cohort,provisional_keyword_screening_not_aspect_sentiment,,
1649010,Miasma Chronicles,prior,Steam_label_not_independently_verified_text_language,controls,8,0,0.0,0,0,complete_returned_creation_cohort,provisional_keyword_screening_not_aspect_sentiment,,
1649010,Miasma Chronicles,prior,Steam_label_not_independently_verified_text_language,difficulty,8,2,25.0,2,0,complete_returned_creation_cohort,provisional_keyword_screening_not_aspect_sentiment,,
1649010,Miasma Chronicles,prior,Steam_label_not_independently_verified_text_language,updates,8,1,12.5,1,0,complete_returned_creation_cohort,provisional_keyword_screening_not_aspect_sentiment,,
1649010,Miasma Chronicles,recent,Steam_label_not_independently_verified_text_language,performance,21,0,0.0,0,0,complete_returned_creation_cohort,provisional_keyword_screening_not_aspect_sentiment,,
1649010,Miasma Chronicles,recent,Steam_label_not_independently_verified_text_language,value,21,1,4.7619,0,1,complete_returned_creation_cohort,provisional_keyword_screening_not_aspect_sentiment,,
1649010,Miasma Chronicles,recent,Steam_label_not_independently_verified_text_language,content,21,15,71.4286,9,6,complete_returned_creation_cohort,provisional_keyword_screening_not_aspect_sentiment,,
1649010,Miasma Chronicles,recent,Steam_label_not_independently_verified_text_language,controls,21,0,0.0,0,0,complete_returned_creation_cohort,provisional_keyword_screening_not_aspect_sentiment,,
1649010,Miasma Chronicles,recent,Steam_label_not_independently_verified_text_language,difficulty,21,8,38.0952,4,4,complete_returned_creation_cohort,provisional_keyword_screening_not_aspect_sentiment,,
1649010,Miasma Chronicles,recent,Steam_label_not_independently_verified_text_language,updates,21,2,9.5238,1,1,complete_returned_creation_cohort,provisional_keyword_screening_not_aspect_sentiment,,
1658280,Eiyuden Chronicle: Hundred Heroes,prior,Steam_label_not_independently_verified_text_language,performance,7,0,0.0,0,0,complete_returned_creation_cohort,provisional_keyword_screening_not_aspect_sentiment,,
1658280,Eiyuden Chronicle: Hundred Heroes,prior,Steam_label_not_independently_verified_text_language,value,7,0,0.0,0,0,complete_returned_creation_cohort,provisional_keyword_screening_not_aspect_sentiment,,
1658280,Eiyuden Chronicle: Hundred Heroes,prior,Steam_label_not_independently_verified_text_language,content,7,6,85.7143,2,4,complete_returned_creation_cohort,provisional_keyword_screening_not_aspect_sentiment,,
1658280,Eiyuden Chronicle: Hundred Heroes,prior,Steam_label_not_independently_verified_text_language,controls,7,0,0.0,0,0,complete_returned_creation_cohort,provisional_keyword_screening_not_aspect_sentiment,,
1658280,Eiyuden Chronicle: Hundred Heroes,prior,Steam_label_not_independently_verified_text_language,difficulty,7,2,28.5714,0,2,complete_returned_creation_cohort,provisional_keyword_screening_not_aspect_sentiment,,
1658280,Eiyuden Chronicle: Hundred Heroes,prior,Steam_label_not_independently_verified_text_language,updates,7,0,0.0,0,0,complete_returned_creation_cohort,provisional_keyword_screening_not_aspect_sentiment,,
1658280,Eiyuden Chronicle: Hundred Heroes,recent,Steam_label_not_independently_verified_text_language,performance,20,0,0.0,0,0,complete_returned_creation_cohort,provisional_keyword_screening_not_aspect_sentiment,,
1658280,Eiyuden Chronicle: Hundred Heroes,recent,Steam_label_not_independently_verified_text_language,value,20,5,25.0,5,0,complete_returned_creation_cohort,provisional_keyword_screening_not_aspect_sentiment,,
1658280,Eiyuden Chronicle: Hundred Heroes,recent,Steam_label_not_independently_verified_text_language,content,20,8,40.0,6,2,complete_returned_creation_cohort,provisional_keyword_screening_not_aspect_sentiment,,
1658280,Eiyuden Chronicle: Hundred Heroes,recent,Steam_label_not_independently_verified_text_language,controls,20,1,5.0,1,0,complete_returned_creation_cohort,provisional_keyword_screening_not_aspect_sentiment,,
1658280,Eiyuden Chronicle: Hundred Heroes,recent,Steam_label_not_independently_verified_text_language,difficulty,20,4,20.0,3,1,complete_returned_creation_cohort,provisional_keyword_screening_not_aspect_sentiment,,
1658280,Eiyuden Chronicle: Hundred Heroes,recent,Steam_label_not_independently_verified_text_language,updates,20,0,0.0,0,0,complete_returned_creation_cohort,provisional_keyword_screening_not_aspect_sentiment,,
1850570,DEATH STRANDING DIRECTOR'S CUT,prior,Steam_label_not_independently_verified_text_language,performance,193,6,3.1088,3,3,complete_returned_creation_cohort,provisional_keyword_screening_not_aspect_sentiment,,
1850570,DEATH STRANDING DIRECTOR'S CUT,prior,Steam_label_not_independently_verified_text_language,value,193,24,12.4352,17,7,complete_returned_creation_cohort,provisional_keyword_screening_not_aspect_sentiment,,
1850570,DEATH STRANDING DIRECTOR'S CUT,prior,Steam_label_not_independently_verified_text_language,content,193,75,38.8601,64,11,complete_returned_creation_cohort,provisional_keyword_screening_not_aspect_sentiment,,
1850570,DEATH STRANDING DIRECTOR'S CUT,prior,Steam_label_not_independently_verified_text_language,controls,193,6,3.1088,4,2,complete_returned_creation_cohort,provisional_keyword_screening_not_aspect_sentiment,,
1850570,DEATH STRANDING DIRECTOR'S CUT,prior,Steam_label_not_independently_verified_text_language,difficulty,193,20,10.3627,16,4,complete_returned_creation_cohort,provisional_keyword_screening_not_aspect_sentiment,,
1850570,DEATH STRANDING DIRECTOR'S CUT,prior,Steam_label_not_independently_verified_text_language,updates,193,5,2.5907,4,1,complete_returned_creation_cohort,provisional_keyword_screening_not_aspect_sentiment,,
1850570,DEATH STRANDING DIRECTOR'S CUT,recent,Steam_label_not_independently_verified_text_language,performance,359,18,5.0139,11,7,capped_latest_creation_sample,provisional_keyword_screening_not_aspect_sentiment,,
1850570,DEATH STRANDING DIRECTOR'S CUT,recent,Steam_label_not_independently_verified_text_language,value,359,29,8.078,22,7,capped_latest_creation_sample,provisional_keyword_screening_not_aspect_sentiment,,
1850570,DEATH STRANDING DIRECTOR'S CUT,recent,Steam_label_not_independently_verified_text_language,content,359,119,33.1476,99,20,capped_latest_creation_sample,provisional_keyword_screening_not_aspect_sentiment,,
1850570,DEATH STRANDING DIRECTOR'S CUT,recent,Steam_label_not_independently_verified_text_language,controls,359,12,3.3426,8,4,capped_latest_creation_sample,provisional_keyword_screening_not_aspect_sentiment,,
1850570,DEATH STRANDING DIRECTOR'S CUT,recent,Steam_label_not_independently_verified_text_language,difficulty,359,28,7.7994,19,9,capped_latest_creation_sample,provisional_keyword_screening_not_aspect_sentiment,,
1850570,DEATH STRANDING DIRECTOR'S CUT,recent,Steam_label_not_independently_verified_text_language,updates,359,10,2.7855,4,6,capped_latest_creation_sample,provisional_keyword_screening_not_aspect_sentiment,,
2091020,Blades of Fire,prior,Steam_label_not_independently_verified_text_language,performance,12,1,8.3333,0,1,complete_returned_creation_cohort,provisional_keyword_screening_not_aspect_sentiment,,
2091020,Blades of Fire,prior,Steam_label_not_independently_verified_text_language,value,12,2,16.6667,1,1,complete_returned_creation_cohort,provisional_keyword_screening_not_aspect_sentiment,,
2091020,Blades of Fire,prior,Steam_label_not_independently_verified_text_language,content,12,4,33.3333,3,1,complete_returned_creation_cohort,provisional_keyword_screening_not_aspect_sentiment,,
2091020,Blades of Fire,prior,Steam_label_not_independently_verified_text_language,controls,12,1,8.3333,1,0,complete_returned_creation_cohort,provisional_keyword_screening_not_aspect_sentiment,,
2091020,Blades of Fire,prior,Steam_label_not_independently_verified_text_language,difficulty,12,3,25.0,2,1,complete_returned_creation_cohort,provisional_keyword_screening_not_aspect_sentiment,,
2091020,Blades of Fire,prior,Steam_label_not_independently_verified_text_language,updates,12,0,0.0,0,0,complete_returned_creation_cohort,provisional_keyword_screening_not_aspect_sentiment,,
2091020,Blades of Fire,recent,Steam_label_not_independently_verified_text_language,performance,20,2,10.0,0,2,complete_returned_creation_cohort,provisional_keyword_screening_not_aspect_sentiment,,
2091020,Blades of Fire,recent,Steam_label_not_independently_verified_text_language,value,20,4,20.0,1,3,complete_returned_creation_cohort,provisional_keyword_screening_not_aspect_sentiment,,
2091020,Blades of Fire,recent,Steam_label_not_independently_verified_text_language,content,20,4,20.0,3,1,complete_returned_creation_cohort,provisional_keyword_screening_not_aspect_sentiment,,
2091020,Blades of Fire,recent,Steam_label_not_independently_verified_text_language,controls,20,2,10.0,1,1,complete_returned_creation_cohort,provisional_keyword_screening_not_aspect_sentiment,,
2091020,Blades of Fire,recent,Steam_label_not_independently_verified_text_language,difficulty,20,3,15.0,2,1,complete_returned_creation_cohort,provisional_keyword_screening_not_aspect_sentiment,,
2091020,Blades of Fire,recent,Steam_label_not_independently_verified_text_language,updates,20,1,5.0,0,1,complete_returned_creation_cohort,provisional_keyword_screening_not_aspect_sentiment,,
2144740,Ghostrunner 2,prior,Steam_label_not_independently_verified_text_language,performance,34,3,8.8235,2,1,complete_returned_creation_cohort,provisional_keyword_screening_not_aspect_sentiment,,
2144740,Ghostrunner 2,prior,Steam_label_not_independently_verified_text_language,value,34,1,2.9412,0,1,complete_returned_creation_cohort,provisional_keyword_screening_not_aspect_sentiment,,
2144740,Ghostrunner 2,prior,Steam_label_not_independently_verified_text_language,content,34,9,26.4706,6,3,complete_returned_creation_cohort,provisional_keyword_screening_not_aspect_sentiment,,
2144740,Ghostrunner 2,prior,Steam_label_not_independently_verified_text_language,controls,34,1,2.9412,1,0,complete_returned_creation_cohort,provisional_keyword_screening_not_aspect_sentiment,,
2144740,Ghostrunner 2,prior,Steam_label_not_independently_verified_text_language,difficulty,34,10,29.4118,7,3,complete_returned_creation_cohort,provisional_keyword_screening_not_aspect_sentiment,,
2144740,Ghostrunner 2,prior,Steam_label_not_independently_verified_text_language,updates,34,2,5.8824,1,1,complete_returned_creation_cohort,provisional_keyword_screening_not_aspect_sentiment,,
2144740,Ghostrunner 2,recent,Steam_label_not_independently_verified_text_language,performance,35,4,11.4286,3,1,complete_returned_creation_cohort,provisional_keyword_screening_not_aspect_sentiment,,
2144740,Ghostrunner 2,recent,Steam_label_not_independently_verified_text_language,value,35,6,17.1429,2,4,complete_returned_creation_cohort,provisional_keyword_screening_not_aspect_sentiment,,
2144740,Ghostrunner 2,recent,Steam_label_not_independently_verified_text_language,content,35,15,42.8571,10,5,complete_returned_creation_cohort,provisional_keyword_screening_not_aspect_sentiment,,
2144740,Ghostrunner 2,recent,Steam_label_not_independently_verified_text_language,controls,35,1,2.8571,0,1,complete_returned_creation_cohort,provisional_keyword_screening_not_aspect_sentiment,,
2144740,Ghostrunner 2,recent,Steam_label_not_independently_verified_text_language,difficulty,35,14,40.0,7,7,complete_returned_creation_cohort,provisional_keyword_screening_not_aspect_sentiment,,
2144740,Ghostrunner 2,recent,Steam_label_not_independently_verified_text_language,updates,35,0,0.0,0,0,complete_returned_creation_cohort,provisional_keyword_screening_not_aspect_sentiment,,
2277560,WUCHANG: Fallen Feathers,prior,Steam_label_not_independently_verified_text_language,performance,121,8,6.6116,4,4,complete_returned_creation_cohort,provisional_keyword_screening_not_aspect_sentiment,,
2277560,WUCHANG: Fallen Feathers,prior,Steam_label_not_independently_verified_text_language,value,121,19,15.7025,16,3,complete_returned_creation_cohort,provisional_keyword_screening_not_aspect_sentiment,,
2277560,WUCHANG: Fallen Feathers,prior,Steam_label_not_independently_verified_text_language,content,121,41,33.8843,37,4,complete_returned_creation_cohort,provisional_keyword_screening_not_aspect_sentiment,,
2277560,WUCHANG: Fallen Feathers,prior,Steam_label_not_independently_verified_text_language,controls,121,5,4.1322,5,0,complete_returned_creation_cohort,provisional_keyword_screening_not_aspect_sentiment,,
2277560,WUCHANG: Fallen Feathers,prior,Steam_label_not_independently_verified_text_language,difficulty,121,55,45.4545,44,11,complete_returned_creation_cohort,provisional_keyword_screening_not_aspect_sentiment,,
2277560,WUCHANG: Fallen Feathers,prior,Steam_label_not_independently_verified_text_language,updates,121,8,6.6116,8,0,complete_returned_creation_cohort,provisional_keyword_screening_not_aspect_sentiment,,
2277560,WUCHANG: Fallen Feathers,recent,Steam_label_not_independently_verified_text_language,performance,114,18,15.7895,12,6,complete_returned_creation_cohort,provisional_keyword_screening_not_aspect_sentiment,,
2277560,WUCHANG: Fallen Feathers,recent,Steam_label_not_independently_verified_text_language,value,114,19,16.6667,11,8,complete_returned_creation_cohort,provisional_keyword_screening_not_aspect_sentiment,,
2277560,WUCHANG: Fallen Feathers,recent,Steam_label_not_independently_verified_text_language,content,114,23,20.1754,19,4,complete_returned_creation_cohort,provisional_keyword_screening_not_aspect_sentiment,,
2277560,WUCHANG: Fallen Feathers,recent,Steam_label_not_independently_verified_text_language,controls,114,1,0.8772,1,0,complete_returned_creation_cohort,provisional_keyword_screening_not_aspect_sentiment,,
2277560,WUCHANG: Fallen Feathers,recent,Steam_label_not_independently_verified_text_language,difficulty,114,51,44.7368,34,17,complete_returned_creation_cohort,provisional_keyword_screening_not_aspect_sentiment,,
2277560,WUCHANG: Fallen Feathers,recent,Steam_label_not_independently_verified_text_language,updates,114,6,5.2632,5,1,complete_returned_creation_cohort,provisional_keyword_screening_not_aspect_sentiment,,
2933080,Crime Boss: Rockay City,prior,Steam_label_not_independently_verified_text_language,performance,83,3,3.6145,3,0,complete_returned_creation_cohort,provisional_keyword_screening_not_aspect_sentiment,,
2933080,Crime Boss: Rockay City,prior,Steam_label_not_independently_verified_text_language,value,83,5,6.0241,4,1,complete_returned_creation_cohort,provisional_keyword_screening_not_aspect_sentiment,,
2933080,Crime Boss: Rockay City,prior,Steam_label_not_independently_verified_text_language,content,83,16,19.2771,14,2,complete_returned_creation_cohort,provisional_keyword_screening_not_aspect_sentiment,,
2933080,Crime Boss: Rockay City,prior,Steam_label_not_independently_verified_text_language,controls,83,2,2.4096,2,0,complete_returned_creation_cohort,provisional_keyword_screening_not_aspect_sentiment,,
2933080,Crime Boss: Rockay City,prior,Steam_label_not_independently_verified_text_language,difficulty,83,7,8.4337,7,0,complete_returned_creation_cohort,provisional_keyword_screening_not_aspect_sentiment,,
2933080,Crime Boss: Rockay City,prior,Steam_label_not_independently_verified_text_language,updates,83,5,6.0241,4,1,complete_returned_creation_cohort,provisional_keyword_screening_not_aspect_sentiment,,
2933080,Crime Boss: Rockay City,recent,Steam_label_not_independently_verified_text_language,performance,94,8,8.5106,6,2,complete_returned_creation_cohort,provisional_keyword_screening_not_aspect_sentiment,,
2933080,Crime Boss: Rockay City,recent,Steam_label_not_independently_verified_text_language,value,94,22,23.4043,12,10,complete_returned_creation_cohort,provisional_keyword_screening_not_aspect_sentiment,,
2933080,Crime Boss: Rockay City,recent,Steam_label_not_independently_verified_text_language,content,94,27,28.7234,18,9,complete_returned_creation_cohort,provisional_keyword_screening_not_aspect_sentiment,,
2933080,Crime Boss: Rockay City,recent,Steam_label_not_independently_verified_text_language,controls,94,3,3.1915,1,2,complete_returned_creation_cohort,provisional_keyword_screening_not_aspect_sentiment,,
2933080,Crime Boss: Rockay City,recent,Steam_label_not_independently_verified_text_language,difficulty,94,13,13.8298,9,4,complete_returned_creation_cohort,provisional_keyword_screening_not_aspect_sentiment,,
2933080,Crime Boss: Rockay City,recent,Steam_label_not_independently_verified_text_language,updates,94,7,7.4468,6,1,complete_returned_creation_cohort,provisional_keyword_screening_not_aspect_sentiment,,
3058630,Assetto Corsa EVO,prior,Steam_label_not_independently_verified_text_language,performance,141,15,10.6383,7,8,complete_returned_creation_cohort,provisional_keyword_screening_not_aspect_sentiment,,
3058630,Assetto Corsa EVO,prior,Steam_label_not_independently_verified_text_language,value,141,9,6.383,2,7,complete_returned_creation_cohort,provisional_keyword_screening_not_aspect_sentiment,,
3058630,Assetto Corsa EVO,prior,Steam_label_not_independently_verified_text_language,content,141,27,19.1489,11,16,complete_returned_creation_cohort,provisional_keyword_screening_not_aspect_sentiment,,
3058630,Assetto Corsa EVO,prior,Steam_label_not_independently_verified_text_language,controls,141,10,7.0922,5,5,complete_returned_creation_cohort,provisional_keyword_screening_not_aspect_sentiment,,
3058630,Assetto Corsa EVO,prior,Steam_label_not_independently_verified_text_language,difficulty,141,4,2.8369,2,2,complete_returned_creation_cohort,provisional_keyword_screening_not_aspect_sentiment,,
3058630,Assetto Corsa EVO,prior,Steam_label_not_independently_verified_text_language,updates,141,30,21.2766,13,17,complete_returned_creation_cohort,provisional_keyword_screening_not_aspect_sentiment,,
3058630,Assetto Corsa EVO,recent,Steam_label_not_independently_verified_text_language,performance,135,25,18.5185,9,16,complete_returned_creation_cohort,provisional_keyword_screening_not_aspect_sentiment,,
3058630,Assetto Corsa EVO,recent,Steam_label_not_independently_verified_text_language,value,135,6,4.4444,3,3,complete_returned_creation_cohort,provisional_keyword_screening_not_aspect_sentiment,,
3058630,Assetto Corsa EVO,recent,Steam_label_not_independently_verified_text_language,content,135,22,16.2963,13,9,complete_returned_creation_cohort,provisional_keyword_screening_not_aspect_sentiment,,
3058630,Assetto Corsa EVO,recent,Steam_label_not_independently_verified_text_language,controls,135,13,9.6296,9,4,complete_returned_creation_cohort,provisional_keyword_screening_not_aspect_sentiment,,
3058630,Assetto Corsa EVO,recent,Steam_label_not_independently_verified_text_language,difficulty,135,3,2.2222,2,1,complete_returned_creation_cohort,provisional_keyword_screening_not_aspect_sentiment,,
3058630,Assetto Corsa EVO,recent,Steam_label_not_independently_verified_text_language,updates,135,29,21.4815,17,12,complete_returned_creation_cohort,provisional_keyword_screening_not_aspect_sentiment,,
3917090,Assetto Corsa Rally,prior,Steam_label_not_independently_verified_text_language,performance,69,5,7.2464,4,1,complete_returned_creation_cohort,provisional_keyword_screening_not_aspect_sentiment,,
3917090,Assetto Corsa Rally,prior,Steam_label_not_independently_verified_text_language,value,69,6,8.6957,5,1,complete_returned_creation_cohort,provisional_keyword_screening_not_aspect_sentiment,,
3917090,Assetto Corsa Rally,prior,Steam_label_not_independently_verified_text_language,content,69,6,8.6957,6,0,complete_returned_creation_cohort,provisional_keyword_screening_not_aspect_sentiment,,
3917090,Assetto Corsa Rally,prior,Steam_label_not_independently_verified_text_language,controls,69,21,30.4348,18,3,complete_returned_creation_cohort,provisional_keyword_screening_not_aspect_sentiment,,
3917090,Assetto Corsa Rally,prior,Steam_label_not_independently_verified_text_language,difficulty,69,9,13.0435,8,1,complete_returned_creation_cohort,provisional_keyword_screening_not_aspect_sentiment,,
3917090,Assetto Corsa Rally,prior,Steam_label_not_independently_verified_text_language,updates,69,6,8.6957,4,2,complete_returned_creation_cohort,provisional_keyword_screening_not_aspect_sentiment,,
3917090,Assetto Corsa Rally,recent,Steam_label_not_independently_verified_text_language,performance,171,10,5.848,6,4,complete_returned_creation_cohort,provisional_keyword_screening_not_aspect_sentiment,,
3917090,Assetto Corsa Rally,recent,Steam_label_not_independently_verified_text_language,value,171,9,5.2632,6,3,complete_returned_creation_cohort,provisional_keyword_screening_not_aspect_sentiment,,
3917090,Assetto Corsa Rally,recent,Steam_label_not_independently_verified_text_language,content,171,17,9.9415,13,4,complete_returned_creation_cohort,provisional_keyword_screening_not_aspect_sentiment,,
3917090,Assetto Corsa Rally,recent,Steam_label_not_independently_verified_text_language,controls,171,46,26.9006,25,21,complete_returned_creation_cohort,provisional_keyword_screening_not_aspect_sentiment,,
3917090,Assetto Corsa Rally,recent,Steam_label_not_independently_verified_text_language,difficulty,171,29,16.9591,21,8,complete_returned_creation_cohort,provisional_keyword_screening_not_aspect_sentiment,,
3917090,Assetto Corsa Rally,recent,Steam_label_not_independently_verified_text_language,updates,171,19,11.1111,10,9,complete_returned_creation_cohort,provisional_keyword_screening_not_aspect_sentiment,,
