app_id,title,prior_review_count,recent_review_count,prior_coverage_status,recent_coverage_status,recent_minus_prior_recommendation_pp,comparison_status,steam_labelled_english_lifetime_total_at_retrieval,steam_labelled_english_lifetime_positive_percent_at_retrieval,lifetime_summary_retrieved_at_utc,lifetime_theme_change_percent,commercial_response_status,causal_effect_status,comparability_limit,language_suitability_status
244210,Assetto Corsa,490,500,capped_latest_creation_sample,capped_latest_creation_sample,,unavailable_incomplete_or_below_30_reviews_per_cohort,76905,93.2865,2026-10-07T15:11:39.080824+00:00,,unavailable_no_linked_sales_conversion_or_campaign_evidence,not_identified,self_selected_Steam_labelled_English_creation_cohorts_current_mutable_text_and_votes_composition_unadjusted,Steam_label_not_independently_verified_text_language
805550,Assetto Corsa Competizione,149,217,complete_returned_creation_cohort,complete_returned_creation_cohort,-0.9123,available_descriptive_creation_cohort_difference,20142,92.4784,2026-10-07T15:11:55.772714+00:00,,unavailable_no_linked_sales_conversion_or_campaign_evidence,not_identified,self_selected_Steam_labelled_English_creation_cohorts_current_mutable_text_and_votes_composition_unadjusted,Steam_label_not_independently_verified_text_language
1139900,Ghostrunner,71,73,complete_returned_creation_cohort,complete_returned_creation_cohort,-2.3539,available_descriptive_creation_cohort_difference,24430,90.4216,2026-10-07T15:12:09.096169+00:00,,unavailable_no_linked_sales_conversion_or_campaign_evidence,not_identified,self_selected_Steam_labelled_English_creation_cohorts_current_mutable_text_and_votes_composition_unadjusted,Steam_label_not_independently_verified_text_language
1649010,Miasma Chronicles,11,23,complete_returned_creation_cohort,complete_returned_creation_cohort,,unavailable_incomplete_or_below_30_reviews_per_cohort,1460,78.4247,2026-10-07T15:12:17.907660+00:00,,unavailable_no_linked_sales_conversion_or_campaign_evidence,not_identified,self_selected_Steam_labelled_English_creation_cohorts_current_mutable_text_and_votes_composition_unadjusted,Steam_label_not_independently_verified_text_language
1658280,Eiyuden Chronicle: Hundred Heroes,11,21,complete_returned_creation_cohort,complete_returned_creation_cohort,,unavailable_incomplete_or_below_30_reviews_per_cohort,2691,80.6392,2026-10-07T15:12:26.642559+00:00,,unavailable_no_linked_sales_conversion_or_campaign_evidence,not_identified,self_selected_Steam_labelled_English_creation_cohorts_current_mutable_text_and_votes_composition_unadjusted,Steam_label_not_independently_verified_text_language
1850570,DEATH STRANDING DIRECTOR'S CUT,255,499,complete_returned_creation_cohort,capped_latest_creation_sample,,unavailable_incomplete_or_below_30_reviews_per_cohort,26206,90.754,2026-10-07T15:12:35.180149+00:00,,unavailable_no_linked_sales_conversion_or_campaign_evidence,not_identified,self_selected_Steam_labelled_English_creation_cohorts_current_mutable_text_and_votes_composition_unadjusted,Steam_label_not_independently_verified_text_language
2091020,Blades of Fire,12,22,complete_returned_creation_cohort,complete_returned_creation_cohort,,unavailable_incomplete_or_below_30_reviews_per_cohort,322,77.3292,2026-10-07T15:12:53.427705+00:00,,unavailable_no_linked_sales_conversion_or_campaign_evidence,not_identified,self_selected_Steam_labelled_English_creation_cohorts_current_mutable_text_and_votes_composition_unadjusted,Steam_label_not_independently_verified_text_language
2144740,Ghostrunner 2,39,41,complete_returned_creation_cohort,complete_returned_creation_cohort,3.9399,available_descriptive_creation_cohort_difference,4312,78.3163,2026-10-07T15:13:02.427476+00:00,,unavailable_no_linked_sales_conversion_or_campaign_evidence,not_identified,self_selected_Steam_labelled_English_creation_cohorts_current_mutable_text_and_votes_composition_unadjusted,Steam_label_not_independently_verified_text_language
2277560,WUCHANG: Fallen Feathers,157,134,complete_returned_creation_cohort,complete_returned_creation_cohort,-8.1756,available_descriptive_creation_cohort_difference,8073,73.9998,2026-10-07T15:13:11.530107+00:00,,unavailable_no_linked_sales_conversion_or_campaign_evidence,not_identified,self_selected_Steam_labelled_English_creation_cohorts_current_mutable_text_and_votes_composition_unadjusted,Steam_label_not_independently_verified_text_language
2933080,Crime Boss: Rockay City,91,117,complete_returned_creation_cohort,complete_returned_creation_cohort,-10.3785,available_descriptive_creation_cohort_difference,5161,72.8347,2026-10-07T15:13:24.046586+00:00,,unavailable_no_linked_sales_conversion_or_campaign_evidence,not_identified,self_selected_Steam_labelled_English_creation_cohorts_current_mutable_text_and_votes_composition_unadjusted,Steam_label_not_independently_verified_text_language
3058630,Assetto Corsa EVO,181,165,complete_returned_creation_cohort,complete_returned_creation_cohort,3.8239,available_descriptive_creation_cohort_difference,10667,53.5015,2026-10-07T15:13:34.806491+00:00,,unavailable_no_linked_sales_conversion_or_campaign_evidence,not_identified,self_selected_Steam_labelled_English_creation_cohorts_current_mutable_text_and_votes_composition_unadjusted,Steam_label_not_independently_verified_text_language
3917090,Assetto Corsa Rally,86,207,complete_returned_creation_cohort,complete_returned_creation_cohort,-1.4886,available_descriptive_creation_cohort_difference,4910,85.5601,2026-10-07T15:13:47.913321+00:00,,unavailable_no_linked_sales_conversion_or_campaign_evidence,not_identified,self_selected_Steam_labelled_English_creation_cohorts_current_mutable_text_and_votes_composition_unadjusted,Steam_label_not_independently_verified_text_language
