benchmark_timestamp_utc,cohort,app_id,title,peer_group,lifecycle_role,estimated_owners,steamspy_ccu,steamspy_price,steamspy_positive,steamspy_negative,average_playtime_forever_minutes,average_playtime_2weeks_minutes,median_playtime_forever_minutes,median_playtime_2weeks_minutes,steamspy_genre,steamspy_languages
2026-10-06T19:10:22+00:00,portfolio,2091020,Blades of Fire,Action / soulslike,New release,"0 .. 20,000",0,1999,0,0,0,0,0,0,"Action, Adventure","English, French, Italian, German, Spanish - Spain, Simplified Chinese, Traditional Chinese, Korean, Japanese, Portuguese - Brazil, Russian"
2026-10-06T19:10:22+00:00,portfolio,3917090,Assetto Corsa Rally,Racing simulation,Growth / early access,"0 .. 20,000",0,2399,0,0,0,0,0,0,"Racing, Early Access","English, French, Italian, Spanish - Spain, German, Simplified Chinese"
2026-10-06T19:10:22+00:00,portfolio,2277560,WUCHANG: Fallen Feathers,Action / soulslike,Growth,"0 .. 20,000",0,3499,0,0,0,0,0,0,"Action, Adventure, RPG","English, Simplified Chinese, Traditional Chinese, French, German, Spanish - Spain, Japanese, Korean, Portuguese - Brazil, Russian, Italian"
2026-10-06T19:10:22+00:00,portfolio,3058630,Assetto Corsa EVO,Racing simulation,Growth / early access,"200,000 .. 500,000",179,3199,7712,3306,0,0,0,0,"Racing, Simulation, Sports, Early Access","English, Italian"
2026-10-06T19:10:22+00:00,portfolio,2933080,Crime Boss: Rockay City,Heist / co-op FPS,Growth,"200,000 .. 500,000",160,199,5413,4144,0,0,0,0,Action,"English, French, Italian, German, Spanish - Spain, Japanese, Korean, Portuguese - Brazil, Russian, Simplified Chinese, Traditional Chinese"
2026-10-06T19:10:22+00:00,portfolio,1658280,Eiyuden Chronicle: Hundred Heroes,JRPG,Growth,"100,000 .. 200,000",112,1499,3018,903,0,0,0,0,"Action, Adventure, Indie, RPG, Strategy","English, French, Italian, German, Spanish - Spain, Japanese, Korean, Portuguese - Brazil, Simplified Chinese, Traditional Chinese, Russian"
2026-10-06T19:10:22+00:00,portfolio,2144740,Ghostrunner 2,Cyber action,Mature,"500,000 .. 1,000,000",64,799,7676,1840,0,0,0,0,"Action, Adventure, Strategy","English, French, Italian, German, Spanish - Spain, Japanese, Korean, Polish, Portuguese - Brazil, Russian, Simplified Chinese, Traditional Chinese, Ukrainian"
2026-10-06T19:10:22+00:00,portfolio,1649010,Miasma Chronicles,Tactical RPG,Mature,"100,000 .. 200,000",17,1049,1835,479,0,0,0,0,"Action, Strategy","English, French, Italian, German, Spanish - Spain, Japanese, Korean, Polish, Portuguese - Brazil, Russian, Simplified Chinese, Traditional Chinese"
2026-10-06T19:10:22+00:00,portfolio,1850570,DEATH STRANDING DIRECTOR'S CUT,Premium action adventure,Back catalogue,"1,000,000 .. 2,000,000",1604,999,36697,2819,0,0,0,0,"Action, Adventure","English, French, Italian, German, Spanish - Spain, Arabic, Czech, Dutch, Greek, Hungarian, Japanese, Korean, Polish, Portuguese - Portugal, Portuguese - Brazil, Russian, Simplified Chinese, Spanish - Latin America, Traditional Chinese, Turkish"
2026-10-06T19:10:22+00:00,portfolio,1139900,Ghostrunner,Cyber action,Back catalogue,"2,000,000 .. 5,000,000",174,749,57713,5436,0,0,0,0,Action,"English, French, Italian, German, Japanese, Polish, Portuguese - Brazil, Russian, Simplified Chinese, Spanish - Latin America, Korean, Traditional Chinese, Spanish - Spain, Ukrainian"
2026-10-06T19:10:22+00:00,portfolio,805550,Assetto Corsa Competizione,Racing simulation,Back catalogue,"1,000,000 .. 2,000,000",1479,999,36035,2908,0,0,0,0,"Racing, Simulation, Sports","English, Italian, French, German, Spanish - Spain, Simplified Chinese, Traditional Chinese, Korean, Japanese, Polish, Portuguese - Portugal, Russian"
2026-10-06T19:10:22+00:00,portfolio,244210,Assetto Corsa,Racing simulation,Evergreen back catalogue,"5,000,000 .. 10,000,000",8961,499,140238,11153,0,0,0,0,"Indie, Racing, Simulation, Sports","English, Italian, Simplified Chinese, Traditional Chinese"
2026-10-06T19:10:22+00:00,competitor,1066890,Automobilista 2,Racing simulation,,"200,000 .. 500,000",605,1999,10137,872,0,0,0,0,"Action, Indie, Racing, Simulation, Sports","English, French, German, Spanish - Spain, Portuguese - Brazil, Spanish - Latin America"
2026-10-06T19:10:22+00:00,competitor,2399420,Le Mans Ultimate,Racing simulation,,"200,000 .. 500,000",984,2199,5903,1520,0,0,0,0,"Racing, Simulation, Sports","English, French, Italian, German, Spanish - Spain, Simplified Chinese, Japanese, Korean, Polish, Portuguese - Brazil"
2026-10-06T19:10:22+00:00,competitor,1849250,EA SPORTS WRC,Racing simulation,,"500,000 .. 1,000,000",262,2499,6135,3674,0,0,0,0,"Racing, Simulation, Sports","English, French, Italian, German, Spanish - Spain"
2026-10-06T19:10:22+00:00,competitor,365960,rFactor 2,Racing simulation,,"500,000 .. 1,000,000",239,449,6766,1774,0,0,0,0,"Racing, Simulation, Sports",English
2026-10-06T19:10:22+00:00,competitor,1245620,ELDEN RING,Action / soulslike,,"20,000,000 .. 50,000,000",29529,5999,981540,75137,0,0,0,0,"Action, RPG","English, French, Italian, German, Spanish - Spain, Japanese, Korean, Polish, Portuguese - Brazil, Russian, Simplified Chinese, Spanish - Latin America, Thai, Traditional Chinese, Arabic"
2026-10-06T19:10:22+00:00,competitor,1627720,Lies of P,Action / soulslike,,"1,000,000 .. 2,000,000",1363,2999,48336,4149,0,0,0,0,"Action, Adventure, RPG","English, French, German, Spanish - Spain, Russian, Japanese, Simplified Chinese, Traditional Chinese, Portuguese - Brazil, Polish, Korean, Italian"
2026-10-06T19:10:22+00:00,competitor,1501750,Lords of the Fallen,Action / soulslike,,"1,000,000 .. 2,000,000",827,989,27969,14164,0,0,0,0,"Action, Adventure, RPG","English, French, Italian, German, Spanish - Spain, Polish, Japanese, Korean, Portuguese - Brazil, Ukrainian, Traditional Chinese, Simplified Chinese, Russian"
2026-10-06T19:10:22+00:00,competitor,2358720,Black Myth: Wukong,Action / soulslike,,"50,000,000 .. 100,000,000",15004,5999,1111720,38378,0,0,0,0,"Action, Adventure, RPG","English, French, German, Spanish - Spain, Japanese, Korean, Polish, Portuguese - Brazil, Russian, Simplified Chinese, Traditional Chinese, Italian, Turkish, Thai, Czech"
2026-10-06T19:10:22+00:00,competitor,1272080,PAYDAY 3,Heist / co-op FPS,,"2,000,000 .. 5,000,000",644,2999,25497,33195,0,0,0,0,"Action, Adventure, RPG","English, French, Italian, German, Spanish - Spain, Japanese, Korean, Polish, Portuguese - Brazil, Russian, Simplified Chinese, Spanish - Latin America, Traditional Chinese, Turkish"
2026-10-06T19:10:22+00:00,competitor,1144200,Ready or Not,Heist / co-op FPS,,"5,000,000 .. 10,000,000",4296,2499,210654,25542,0,0,0,0,"Action, Adventure, Indie","English, French, German, Korean, Simplified Chinese, Italian, Spanish - Spain, Japanese, Polish, Portuguese - Portugal, Turkish, Russian"
2026-10-06T19:10:22+00:00,competitor,493520,GTFO,Heist / co-op FPS,,"2,000,000 .. 5,000,000",307,1079,52357,9740,0,0,0,0,Action,"English, French, Italian, German, Spanish - Spain, Japanese, Korean, Polish, Portuguese - Brazil, Russian, Simplified Chinese, Traditional Chinese"
2026-10-06T19:10:22+00:00,competitor,1164940,Trepang2,Cyber action,,"500,000 .. 1,000,000",120,874,13059,917,0,0,0,0,"Action, Indie","English, French, Italian, German, Spanish - Spain, Japanese, Korean, Russian, Simplified Chinese, Traditional Chinese"
2026-10-06T19:10:22+00:00,competitor,1533420,Neon White,Cyber action,,"200,000 .. 500,000",160,999,17398,325,0,0,0,0,"Action, Adventure, Indie","English, French, Italian, German, Spanish - Spain, Japanese, Korean, Polish, Portuguese - Portugal, Portuguese - Brazil, Russian, Simplified Chinese, Spanish - Latin America, Traditional Chinese, Turkish"
2026-10-06T19:10:22+00:00,competitor,460950,Katana ZERO,Cyber action,,"2,000,000 .. 5,000,000",82,899,69672,1397,0,0,0,0,"Action, Indie","English, French, German, Spanish - Spain, Japanese, Korean, Portuguese - Brazil, Russian, Simplified Chinese, Traditional Chinese"
2026-10-06T19:10:22+00:00,competitor,1971650,OCTOPATH TRAVELER II,JRPG,,"200,000 .. 500,000",398,2399,12882,692,0,0,0,0,RPG,"English, French, Italian, German, Spanish - Spain, Japanese, Korean, Simplified Chinese, Traditional Chinese"
2026-10-06T19:10:22+00:00,competitor,1244090,Sea of Stars,JRPG,,"500,000 .. 1,000,000",509,1749,11331,1367,0,0,0,0,"Adventure, Indie, RPG","English, French, German, Spanish - Spain, Japanese, Korean, Portuguese - Brazil, Russian, Simplified Chinese, Traditional Chinese, Italian"
2026-10-06T19:10:22+00:00,competitor,1229240,Chained Echoes,JRPG,,"200,000 .. 500,000",102,874,6095,662,0,0,0,0,"Indie, RPG","English, French, German, Korean, Japanese, Simplified Chinese"
2026-10-06T19:10:22+00:00,competitor,1084160,Jagged Alliance 3,Tactical RPG,,"200,000 .. 500,000",363,449,11576,1364,0,0,0,0,"Action, Strategy","English, German, Russian, French, Spanish - Spain, Portuguese - Brazil, Traditional Chinese, Simplified Chinese, Polish, Indonesian"
2026-10-06T19:10:22+00:00,competitor,1182900,A Plague Tale: Requiem,Premium action adventure,,"500,000 .. 1,000,000",136,1499,18772,1838,0,0,0,0,"Action, Adventure","English, French, Italian, German, Spanish - Spain, Simplified Chinese, Traditional Chinese, Spanish - Latin America, Polish, Portuguese - Brazil, Russian, Czech, Arabic, Korean, Japanese, Ukrainian"
2026-10-06T19:10:22+00:00,competitor,1259420,Days Gone,Premium action adventure,,"2,000,000 .. 5,000,000",1600,1599,95697,7446,0,0,0,0,"Action, Adventure","English, French, Italian, German, Spanish - Spain, Korean, Portuguese - Portugal, Portuguese - Brazil, Czech, Danish, Dutch, Finnish, Greek, Hungarian, Norwegian, Polish, Russian, Spanish - Latin America, Swedish, Traditional Chinese, Turkish, Japanese"
