app_id,title,peer_group,comparable_to,rationale,source_url
1066890,Automobilista 2,Racing simulation,Assetto Corsa portfolio,Direct premium sim-racing benchmark,https://store.steampowered.com/app/1066890/
2399420,Le Mans Ultimate,Racing simulation,Assetto Corsa Rally / EVO / Competizione,Recent specialist racing benchmark,https://store.steampowered.com/app/2399420/
1849250,EA SPORTS WRC,Racing simulation,Assetto Corsa Rally,Rally-specific premium benchmark,https://store.steampowered.com/app/1849250/
365960,rFactor 2,Racing simulation,Assetto Corsa portfolio,Long-life simulation benchmark,https://store.steampowered.com/app/365960/
1245620,ELDEN RING,Action / soulslike,WUCHANG / Blades of Fire,Category leader and demand benchmark,https://store.steampowered.com/app/1245620/
1627720,Lies of P,Action / soulslike,WUCHANG / Blades of Fire,Premium soulslike peer,https://store.steampowered.com/app/1627720/
1501750,Lords of the Fallen,Action / soulslike,WUCHANG / Blades of Fire,Premium soulslike peer,https://store.steampowered.com/app/1501750/
2358720,Black Myth: Wukong,Action / soulslike,WUCHANG,Recent action-RPG demand benchmark,https://store.steampowered.com/app/2358720/
1272080,PAYDAY 3,Heist / co-op FPS,Crime Boss: Rockay City,Closest heist-focused premium peer,https://store.steampowered.com/app/1272080/
1144200,Ready or Not,Heist / co-op FPS,Crime Boss: Rockay City,Tactical co-op shooter benchmark,https://store.steampowered.com/app/1144200/
493520,GTFO,Heist / co-op FPS,Crime Boss: Rockay City,Hardcore co-op engagement benchmark,https://store.steampowered.com/app/493520/
1164940,Trepang2,Cyber action,Ghostrunner franchise,Fast first-person action benchmark,https://store.steampowered.com/app/1164940/
1533420,Neon White,Cyber action,Ghostrunner franchise,Speed / movement action benchmark,https://store.steampowered.com/app/1533420/
460950,Katana ZERO,Cyber action,Ghostrunner franchise,Fast-action back-catalogue benchmark,https://store.steampowered.com/app/460950/
1971650,OCTOPATH TRAVELER II,JRPG,Eiyuden Chronicle,Premium modern JRPG benchmark,https://store.steampowered.com/app/1971650/
1244090,Sea of Stars,JRPG,Eiyuden Chronicle,Modern retro-JRPG benchmark,https://store.steampowered.com/app/1244090/
1229240,Chained Echoes,JRPG,Eiyuden Chronicle,Modern retro-JRPG benchmark,https://store.steampowered.com/app/1229240/
1084160,Jagged Alliance 3,Tactical RPG,Miasma Chronicles,Turn-based tactical peer,https://store.steampowered.com/app/1084160/
1182900,A Plague Tale: Requiem,Premium action adventure,DEATH STRANDING DIRECTOR'S CUT,Narrative premium action-adventure peer,https://store.steampowered.com/app/1182900/
1259420,Days Gone,Premium action adventure,DEATH STRANDING DIRECTOR'S CUT,Open-world premium back-catalogue peer,https://store.steampowered.com/app/1259420/
