app_id,title,publisher,developer,release_date,peer_group,lifecycle_role,source_url
2091020,Blades of Fire,505 Games,MercurySteam,2026-05-14,Action / soulslike,New release,https://store.steampowered.com/app/2091020/
3917090,Assetto Corsa Rally,505 Games,Supernova Games Studios,2025-11-13,Racing simulation,Growth / early access,https://store.steampowered.com/app/3917090/
2277560,WUCHANG: Fallen Feathers,505 Games,Leenzee,2025-07-23,Action / soulslike,Growth,https://store.steampowered.com/app/2277560/
3058630,Assetto Corsa EVO,505 Games,KUNOS Simulazioni,2025-01-16,Racing simulation,Growth / early access,https://store.steampowered.com/app/3058630/
2933080,Crime Boss: Rockay City,505 Games,INGAME STUDIOS,2024-06-18,Heist / co-op FPS,Growth,https://store.steampowered.com/app/2933080/
1658280,Eiyuden Chronicle: Hundred Heroes,505 Games,Rabbit & Bear Studios,2024-04-23,JRPG,Growth,https://store.steampowered.com/app/1658280/
2144740,Ghostrunner 2,505 Games,One More Level,2023-10-26,Cyber action,Mature,https://store.steampowered.com/app/2144740/
1649010,Miasma Chronicles,505 Games,The Bearded Ladies,2023-05-23,Tactical RPG,Mature,https://store.steampowered.com/app/1649010/
1850570,DEATH STRANDING DIRECTOR'S CUT,505 Games,KOJIMA PRODUCTIONS,2022-03-30,Premium action adventure,Back catalogue,https://store.steampowered.com/app/1850570/
1139900,Ghostrunner,505 Games,One More Level; 3D Realms; Slipgate Ironworks; All in! Games,2020-10-27,Cyber action,Back catalogue,https://store.steampowered.com/app/1139900/
805550,Assetto Corsa Competizione,505 Games,Kunos Simulazioni,2019-05-29,Racing simulation,Back catalogue,https://store.steampowered.com/app/805550/
244210,Assetto Corsa,505 Games,Kunos Simulazioni,2014-12-19,Racing simulation,Evergreen back catalogue,https://store.steampowered.com/app/244210/
