benchmark_timestamp_utc,cohort,app_id,title,peer_group,lifecycle_role,estimated_owners,steamspy_ccu,steamspy_price,steamspy_positive,steamspy_negative,average_playtime_forever_minutes,average_playtime_2weeks_minutes,median_playtime_forever_minutes,median_playtime_2weeks_minutes,steamspy_genre,steamspy_languages,owner_estimate_status,playtime_status,run_id,schema_version,steamspy_status,steamspy_retrieved_at_utc,steamspy_error
2026-10-06T19:46:21.705233+00:00,portfolio,2091020,Blades of Fire,Action / soulslike,New release,"0 .. 20,000",0,1999,0,0,,,,,"Action, Adventure","English, French, Italian, German, Spanish - Spain, Simplified Chinese, Traditional Chinese, Korean, Japanese, Portuguese - Brazil, Russian",requires_review,unavailable,steamspy-20261006T194621705248Z-731944ee,2,ok,2026-10-06T19:46:22.105051+00:00,
2026-10-06T19:46:21.705233+00:00,portfolio,3917090,Assetto Corsa Rally,Racing simulation,Growth / early access,"0 .. 20,000",0,2399,0,0,,,,,"Racing, Early Access","English, French, Italian, Spanish - Spain, German, Simplified Chinese",requires_review,unavailable,steamspy-20261006T194621705248Z-731944ee,2,ok,2026-10-06T19:46:23.156754+00:00,
2026-10-06T19:46:21.705233+00:00,portfolio,2277560,WUCHANG: Fallen Feathers,Action / soulslike,Growth,"0 .. 20,000",0,3499,0,0,,,,,"Action, Adventure, RPG","English, Simplified Chinese, Traditional Chinese, French, German, Spanish - Spain, Japanese, Korean, Portuguese - Brazil, Russian, Italian",requires_review,unavailable,steamspy-20261006T194621705248Z-731944ee,2,ok,2026-10-06T19:46:24.328325+00:00,
2026-10-06T19:46:21.705233+00:00,portfolio,3058630,Assetto Corsa EVO,Racing simulation,Growth / early access,"200,000 .. 500,000",179,3199,7712,3306,,,,,"Racing, Simulation, Sports, Early Access","English, Italian",requires_review,unavailable,steamspy-20261006T194621705248Z-731944ee,2,ok,2026-10-06T19:46:25.396614+00:00,
2026-10-06T19:46:21.705233+00:00,portfolio,2933080,Crime Boss: Rockay City,Heist / co-op FPS,Growth,"200,000 .. 500,000",160,199,5413,4144,,,,,Action,"English, French, Italian, German, Spanish - Spain, Japanese, Korean, Portuguese - Brazil, Russian, Simplified Chinese, Traditional Chinese",requires_review,unavailable,steamspy-20261006T194621705248Z-731944ee,2,ok,2026-10-06T19:46:26.573936+00:00,
2026-10-06T19:46:21.705233+00:00,portfolio,1658280,Eiyuden Chronicle: Hundred Heroes,JRPG,Growth,"100,000 .. 200,000",112,1499,3018,903,,,,,"Action, Adventure, Indie, RPG, Strategy","English, French, Italian, German, Spanish - Spain, Japanese, Korean, Portuguese - Brazil, Simplified Chinese, Traditional Chinese, Russian",requires_review,unavailable,steamspy-20261006T194621705248Z-731944ee,2,ok,2026-10-06T19:46:27.601671+00:00,
2026-10-06T19:46:21.705233+00:00,portfolio,2144740,Ghostrunner 2,Cyber action,Mature,"500,000 .. 1,000,000",64,799,7676,1840,,,,,"Action, Adventure, Strategy","English, French, Italian, German, Spanish - Spain, Japanese, Korean, Polish, Portuguese - Brazil, Russian, Simplified Chinese, Traditional Chinese, Ukrainian",requires_review,unavailable,steamspy-20261006T194621705248Z-731944ee,2,ok,2026-10-06T19:46:28.690554+00:00,
2026-10-06T19:46:21.705233+00:00,portfolio,1649010,Miasma Chronicles,Tactical RPG,Mature,"100,000 .. 200,000",17,1049,1835,479,,,,,"Action, Strategy","English, French, Italian, German, Spanish - Spain, Japanese, Korean, Polish, Portuguese - Brazil, Russian, Simplified Chinese, Traditional Chinese",requires_review,unavailable,steamspy-20261006T194621705248Z-731944ee,2,ok,2026-10-06T19:46:29.830993+00:00,
2026-10-06T19:46:21.705233+00:00,portfolio,1850570,DEATH STRANDING DIRECTOR'S CUT,Premium action adventure,Back catalogue,"1,000,000 .. 2,000,000",1604,999,36697,2819,,,,,"Action, Adventure","English, French, Italian, German, Spanish - Spain, Arabic, Czech, Dutch, Greek, Hungarian, Japanese, Korean, Polish, Portuguese - Portugal, Portuguese - Brazil, Russian, Simplified Chinese, Spanish - Latin America, Traditional Chinese, Turkish",requires_review,unavailable,steamspy-20261006T194621705248Z-731944ee,2,ok,2026-10-06T19:46:30.880919+00:00,
2026-10-06T19:46:21.705233+00:00,portfolio,1139900,Ghostrunner,Cyber action,Back catalogue,"2,000,000 .. 5,000,000",174,749,57713,5436,,,,,Action,"English, French, Italian, German, Japanese, Polish, Portuguese - Brazil, Russian, Simplified Chinese, Spanish - Latin America, Korean, Traditional Chinese, Spanish - Spain, Ukrainian",requires_review,unavailable,steamspy-20261006T194621705248Z-731944ee,2,ok,2026-10-06T19:46:31.956573+00:00,
2026-10-06T19:46:21.705233+00:00,portfolio,805550,Assetto Corsa Competizione,Racing simulation,Back catalogue,"1,000,000 .. 2,000,000",1479,999,36035,2908,,,,,"Racing, Simulation, Sports","English, Italian, French, German, Spanish - Spain, Simplified Chinese, Traditional Chinese, Korean, Japanese, Polish, Portuguese - Portugal, Russian",requires_review,unavailable,steamspy-20261006T194621705248Z-731944ee,2,ok,2026-10-06T19:46:33.059227+00:00,
2026-10-06T19:46:21.705233+00:00,portfolio,244210,Assetto Corsa,Racing simulation,Evergreen back catalogue,"5,000,000 .. 10,000,000",8961,499,140238,11153,,,,,"Indie, Racing, Simulation, Sports","English, Italian, Simplified Chinese, Traditional Chinese",requires_review,unavailable,steamspy-20261006T194621705248Z-731944ee,2,ok,2026-10-06T19:46:34.182559+00:00,
2026-10-06T19:46:21.705233+00:00,competitor,1066890,Automobilista 2,Racing simulation,,"200,000 .. 500,000",605,1999,10137,872,,,,,"Action, Indie, Racing, Simulation, Sports","English, French, German, Spanish - Spain, Portuguese - Brazil, Spanish - Latin America",requires_review,unavailable,steamspy-20261006T194621705248Z-731944ee,2,ok,2026-10-06T19:46:35.273157+00:00,
2026-10-06T19:46:21.705233+00:00,competitor,2399420,Le Mans Ultimate,Racing simulation,,"200,000 .. 500,000",984,2199,5903,1520,,,,,"Racing, Simulation, Sports","English, French, Italian, German, Spanish - Spain, Simplified Chinese, Japanese, Korean, Polish, Portuguese - Brazil",requires_review,unavailable,steamspy-20261006T194621705248Z-731944ee,2,ok,2026-10-06T19:46:36.372495+00:00,
2026-10-06T19:46:21.705233+00:00,competitor,1849250,EA SPORTS WRC,Racing simulation,,"500,000 .. 1,000,000",262,2499,6135,3674,,,,,"Racing, Simulation, Sports","English, French, Italian, German, Spanish - Spain",requires_review,unavailable,steamspy-20261006T194621705248Z-731944ee,2,ok,2026-10-06T19:46:37.450771+00:00,
2026-10-06T19:46:21.705233+00:00,competitor,365960,rFactor 2,Racing simulation,,"500,000 .. 1,000,000",239,449,6766,1774,,,,,"Racing, Simulation, Sports",English,requires_review,unavailable,steamspy-20261006T194621705248Z-731944ee,2,ok,2026-10-06T19:46:38.569788+00:00,
2026-10-06T19:46:21.705233+00:00,competitor,1245620,ELDEN RING,Action / soulslike,,"20,000,000 .. 50,000,000",29529,5999,981540,75137,,,,,"Action, RPG","English, French, Italian, German, Spanish - Spain, Japanese, Korean, Polish, Portuguese - Brazil, Russian, Simplified Chinese, Spanish - Latin America, Thai, Traditional Chinese, Arabic",requires_review,unavailable,steamspy-20261006T194621705248Z-731944ee,2,ok,2026-10-06T19:46:39.643096+00:00,
2026-10-06T19:46:21.705233+00:00,competitor,1627720,Lies of P,Action / soulslike,,"1,000,000 .. 2,000,000",1363,2999,48336,4149,,,,,"Action, Adventure, RPG","English, French, German, Spanish - Spain, Russian, Japanese, Simplified Chinese, Traditional Chinese, Portuguese - Brazil, Polish, Korean, Italian",requires_review,unavailable,steamspy-20261006T194621705248Z-731944ee,2,ok,2026-10-06T19:46:40.762617+00:00,
2026-10-06T19:46:21.705233+00:00,competitor,1501750,Lords of the Fallen,Action / soulslike,,"1,000,000 .. 2,000,000",827,989,27969,14164,,,,,"Action, Adventure, RPG","English, French, Italian, German, Spanish - Spain, Polish, Japanese, Korean, Portuguese - Brazil, Ukrainian, Traditional Chinese, Simplified Chinese, Russian",requires_review,unavailable,steamspy-20261006T194621705248Z-731944ee,2,ok,2026-10-06T19:46:41.830796+00:00,
2026-10-06T19:46:21.705233+00:00,competitor,2358720,Black Myth: Wukong,Action / soulslike,,"50,000,000 .. 100,000,000",15004,5999,1111720,38378,,,,,"Action, Adventure, RPG","English, French, German, Spanish - Spain, Japanese, Korean, Polish, Portuguese - Brazil, Russian, Simplified Chinese, Traditional Chinese, Italian, Turkish, Thai, Czech",requires_review,unavailable,steamspy-20261006T194621705248Z-731944ee,2,ok,2026-10-06T19:46:43.018804+00:00,
2026-10-06T19:46:21.705233+00:00,competitor,1272080,PAYDAY 3,Heist / co-op FPS,,"2,000,000 .. 5,000,000",644,2999,25497,33195,,,,,"Action, Adventure, RPG","English, French, Italian, German, Spanish - Spain, Japanese, Korean, Polish, Portuguese - Brazil, Russian, Simplified Chinese, Spanish - Latin America, Traditional Chinese, Turkish",requires_review,unavailable,steamspy-20261006T194621705248Z-731944ee,2,ok,2026-10-06T19:46:44.115162+00:00,
2026-10-06T19:46:21.705233+00:00,competitor,1144200,Ready or Not,Heist / co-op FPS,,"5,000,000 .. 10,000,000",4296,2499,210654,25542,,,,,"Action, Adventure, Indie","English, French, German, Korean, Simplified Chinese, Italian, Spanish - Spain, Japanese, Polish, Portuguese - Portugal, Turkish, Russian",requires_review,unavailable,steamspy-20261006T194621705248Z-731944ee,2,ok,2026-10-06T19:46:45.196654+00:00,
2026-10-06T19:46:21.705233+00:00,competitor,493520,GTFO,Heist / co-op FPS,,"2,000,000 .. 5,000,000",307,1079,52357,9740,,,,,Action,"English, French, Italian, German, Spanish - Spain, Japanese, Korean, Polish, Portuguese - Brazil, Russian, Simplified Chinese, Traditional Chinese",requires_review,unavailable,steamspy-20261006T194621705248Z-731944ee,2,ok,2026-10-06T19:46:46.325104+00:00,
2026-10-06T19:46:21.705233+00:00,competitor,1164940,Trepang2,Cyber action,,"500,000 .. 1,000,000",120,874,13059,917,,,,,"Action, Indie","English, French, Italian, German, Spanish - Spain, Japanese, Korean, Russian, Simplified Chinese, Traditional Chinese",requires_review,unavailable,steamspy-20261006T194621705248Z-731944ee,2,ok,2026-10-06T19:46:47.426268+00:00,
2026-10-06T19:46:21.705233+00:00,competitor,1533420,Neon White,Cyber action,,"200,000 .. 500,000",160,999,17398,325,,,,,"Action, Adventure, Indie","English, French, Italian, German, Spanish - Spain, Japanese, Korean, Polish, Portuguese - Portugal, Portuguese - Brazil, Russian, Simplified Chinese, Spanish - Latin America, Traditional Chinese, Turkish",requires_review,unavailable,steamspy-20261006T194621705248Z-731944ee,2,ok,2026-10-06T19:46:48.492025+00:00,
2026-10-06T19:46:21.705233+00:00,competitor,460950,Katana ZERO,Cyber action,,"2,000,000 .. 5,000,000",82,899,69672,1397,,,,,"Action, Indie","English, French, German, Spanish - Spain, Japanese, Korean, Portuguese - Brazil, Russian, Simplified Chinese, Traditional Chinese",requires_review,unavailable,steamspy-20261006T194621705248Z-731944ee,2,ok,2026-10-06T19:46:49.540646+00:00,
2026-10-06T19:46:21.705233+00:00,competitor,1971650,OCTOPATH TRAVELER II,JRPG,,"200,000 .. 500,000",398,2399,12882,692,,,,,RPG,"English, French, Italian, German, Spanish - Spain, Japanese, Korean, Simplified Chinese, Traditional Chinese",requires_review,unavailable,steamspy-20261006T194621705248Z-731944ee,2,ok,2026-10-06T19:46:50.657470+00:00,
2026-10-06T19:46:21.705233+00:00,competitor,1244090,Sea of Stars,JRPG,,"500,000 .. 1,000,000",509,1749,11331,1367,,,,,"Adventure, Indie, RPG","English, French, German, Spanish - Spain, Japanese, Korean, Portuguese - Brazil, Russian, Simplified Chinese, Traditional Chinese, Italian",requires_review,unavailable,steamspy-20261006T194621705248Z-731944ee,2,ok,2026-10-06T19:46:51.757053+00:00,
2026-10-06T19:46:21.705233+00:00,competitor,1229240,Chained Echoes,JRPG,,"200,000 .. 500,000",102,874,6095,662,,,,,"Indie, RPG","English, French, German, Korean, Japanese, Simplified Chinese",requires_review,unavailable,steamspy-20261006T194621705248Z-731944ee,2,ok,2026-10-06T19:46:52.900755+00:00,
2026-10-06T19:46:21.705233+00:00,competitor,1084160,Jagged Alliance 3,Tactical RPG,,"200,000 .. 500,000",363,449,11576,1364,,,,,"Action, Strategy","English, German, Russian, French, Spanish - Spain, Portuguese - Brazil, Traditional Chinese, Simplified Chinese, Polish, Indonesian",requires_review,unavailable,steamspy-20261006T194621705248Z-731944ee,2,ok,2026-10-06T19:46:53.986658+00:00,
2026-10-06T19:46:21.705233+00:00,competitor,1182900,A Plague Tale: Requiem,Premium action adventure,,"500,000 .. 1,000,000",136,1499,18772,1838,,,,,"Action, Adventure","English, French, Italian, German, Spanish - Spain, Simplified Chinese, Traditional Chinese, Spanish - Latin America, Polish, Portuguese - Brazil, Russian, Czech, Arabic, Korean, Japanese, Ukrainian",requires_review,unavailable,steamspy-20261006T194621705248Z-731944ee,2,ok,2026-10-06T19:46:55.086156+00:00,
2026-10-06T19:46:21.705233+00:00,competitor,1259420,Days Gone,Premium action adventure,,"2,000,000 .. 5,000,000",1600,1599,95697,7446,,,,,"Action, Adventure","English, French, Italian, German, Spanish - Spain, Korean, Portuguese - Portugal, Portuguese - Brazil, Czech, Danish, Dutch, Finnish, Greek, Hungarian, Norwegian, Polish, Russian, Spanish - Latin America, Swedish, Traditional Chinese, Turkish, Japanese",requires_review,unavailable,steamspy-20261006T194621705248Z-731944ee,2,ok,2026-10-06T19:46:56.178037+00:00,
